315424610,44163,77341,,,,,,46644,,63390,,,,,,,79726,,,,,,,,
315460210,99106,,,,,,,,,,,,,,,,,,,,,,,,
315491110,40204,68966,,,,,,73347,,71336,,,,,,,,,,,,,,,
315491210,72110,,,,,,,75041,,71478,80792,,,,,,,,,,,,,,
317519110,96998,,,,,,,,,,,,,,,,,,,,,,,,
317524510,29915,39366,65607,54351,51601,54461,40248,35647,,39737,61925,,,,,,49986,,,,,,,,
317524610,38502,52979,,,,,,42454,,46208,,,,,,,65011,,,,,,,,
317529310,77676,,,,,,,,,,,,,,,,,,,,,,,,
317537210,70599,,,,,76418,,85462,,67310,,,,,,,,,,,,,,,
317546110,39894,68456,,,,,,49512,,34839,,,,,,,,,,,,,,,
317550710,88490,,,,,,,,,59390,,,,,,,59651,,,,,,,,
317561210,72388,,,,,,,,,,,,,,,,,,,,,,,,
318224510,4472,,,,,,,,,6209,,,,,,,,,,,,,,,
318224610,5818,,,,,,,,,8288,,,,,,,,,,,,,,,
318237210,10993,,,,,,,,,10861,,,,,,,,,,,,,,,
318250710,15694,,,,,,,,,4956,,,,,,,,,,,,,,,
318299510,9560,,,,,,,,,12054,,,,,,,,,,,,,,,
318319110,78712,,,,,,,,,,,,,,,,,,,,,,,,
318324510,26939,,,,,,,,,42262,,,,,,,,,,,,,,,
318324610,37780,,,,,,,,,41109,,,,,,,,,,,,,,,
318337210,74940,,,,,,,,,,,,,,,,,,,,,,,,
318360210,88272,,,,,,,,,,,,,,,,,,,,,,,,
318391110,51344,,,,,,,,,76044,,,,,,,,,,,,,,,
318424510,8859,,,,,,,,,13131,,,,,,,,,,,,,,,
318461210,39109,,,,,,,,,32676,,,,,,,,,,,,,,,
319729310,41309,,,,,,,,,23143,,,,,,,,,,,,,,,
319737210,22426,,,,,,,,,19354,,,,,,,,,,,,,,,
319761210,94113,,,,,,,,,36329,,,,,,,,,,,,,,,
319824510,73004,91814,,,,,,,,50248,,,,,,,,,,,,,,,
319824610,83896,90622,,,,,,98470,,26475,,,,,,,,,,,,,,,
319899510,86365,,,,,,,,,,,,,,,,,,,,,,,,
320024610,67957,97926,,,,,,92462,,,,,,,,,,,,,,,,,
320029310,93369,,,,,,,,,,,,,,,,,,,,,,,,
320037210,68722,,,,,,,,,,,,,,,,,,,,,,,,
320050710,,,,,,,,,,72997,,,,,,,,,,,,,,,
320091110,44713,,,,,,,57725,,,,,,,,,,,,,,,,,
320119110,61528,,,,,,,,,61434,,,,,,,,,,,,,,,
320124510,14827,,,,,,,,,16981,,,,,,,,,,,,,,,
320161210,87972,,,,,,,,,,,,,,,,,,,,,,,,
320190010,71139,,,,,,,,,,,,,,,,,,,,,,,,
320199510,30176,,,,,,,,,17753,,,,,,,,,,,,,,,
320224510,98957,,,,,,,,,85059,,,,,,,,,,,,,,,
320324510,25122,30557,,48673,46822,63905,32769,31894,,29717,95112,,,,,,59852,,,,,,,,
320324610,31587,43918,,66741,58406,49200,97394,40866,,50350,53798,,,,,,60496,,,,,,,,
320329310,82546,,,,,,,,,90325,,,,,,,,,,,,,,,
320337210,89800,,,,,,,,,88918,,,,,,,,,,,,,,,
320390010,86421,,,,,,,,,,,,,,,,,,,,,,,,
320424510,15426,,,,,,,,,22633,,,,,,,,,,,,,,,
320424610,18065,,,,,,,,,25249,,,,,,,,,,,,,,,
320429310,74902,,,,,,,,,,,,,,,,,,,,,,,,
320437210,39279,,,,,,,,,53807,,,,,,,,,,,,,,,
320461210,86661,,,,,,,,,,,,,,,,,,,,,,,,
320624510,68103,93973,,,,,,,,71313,,,,,,,,,,,,,,,
320691110,75067,,,,,,,99481,,88594,,,,,,,,,,,,,,,
320824510,12642,,,,,,,,,14895,,,,,,,,,,,,,,,
320824610,16030,,,,,,,,,16957,,,,,,,,,,,,,,,
320837210,30397,,,,,,,,,33908,,,,,,,,,,,,,,,
320861210,82271,,,,,,,,,52665,,,,,,,,,,,,,,,
321024510,47096,,,,,,,,,93088,,,,,,,,,,,,,,,
321024610,80991,,,,,,,,,82484,,,,,,,,,,,,,,,
321037210,74568,,,,,,,,,,,,,,,,,,,,,,,,
321124510,18884,,,,,,,,,21055,,,,,,,,,,,,,,,
321124610,21981,,,,,,,,,31766,,,,,,,,,,,,,,,
321137210,40986,,,,,,,,,55959,,,,,,,,,,,,,,,
321161210,85335,,,,,,,,,,,,,,,,,,,,,,,,
321190010,61645,,,,,,,,,,,,,,,,,,,,,,,,
321192010,27877,,,,,,,,,18487,,,,,,,,,,,,,,,
321192110,37253,,,,,,,,,53644,,,,,,,,,,,,,,,
321199510,24053,,,,,,,,,45590,,,,,,,,,,,,,,,
321224510,71012,,,,,,,,,85789,,,,,,,,,,,,,,,
321424510,12322,,,,,,,,,14676,,,,,,,,,,,,,,,
321424610,16521,,,,,,,,,15007,,,,,,,,,,,,,,,
321437210,37798,,,,,,,,,37875,,,,,,,,,,,,,,,
319037610,84198,,,,,,,,,,,,,,,,,,,,,,,,
319061210,72478,,,,,,,,,,,,,,,,,,,,,,,,
319062410,73118,,,,,,,97915,,,,,,,,,,,,,,,,,
319224510,29536,49617,,,,,,30792,,39612,,,,,,,47143,,,,,,,,
319229310,89818,,,,,,,,,,,,,,,,,,,,,,,,
319261210,80804,,,,,,,,,,,,,,,,,,,,,,,,
319291110,40219,60547,,,,,,48015,,,,,,,,,,,,,,,,,
319292010,47761,64113,,,,,,60925,,,,,,,,,,,,,,,,,
319324510,60662,65586,,69194,,89156,,64387,,61466,,,,,,,70081,,,,,,,,
319324610,56264,62168,,,,,,66454,,66232,,,,,,,71968,,,,,,,,
319350710,87912,,,,,,,,,,,,,,,,,,,,,,,,
319392110,57166,,,,,,,,,,,,,,,,,,,,,,,,
319419110,41214,,,,,,,81413,,,,,,,,,,,,,,,,,
319424510,19113,19128,,,,,,21883,,18793,36347,,,,,,29075,,,,,,,,
319424610,32427,35319,,,,,,40609,,32283,67986,,,,,,69565,,,,,,,,
319437210,63251,73714,,,,,,64773,,,,,,,,,84770,,,,,,,,
319491210,59410,,,,,,,77625,,32074,90278,,,,,,42455,,,,,,,,
319499510,53900,,,,,,,55099,,86979,,,,,,,,,,,,,,,
319624510,30499,,,,,,,,,59292,,,,,,,,,,,,,,,
319629310,69791,,,,,,,,,,,,,,,,,,,,,,,,
319637210,72950,,,,,,,,,,,,,,,,,,,,,,,,
319661210,27596,,,,,,,,,,,,,,,,,,,,,,,,
319691110,55972,,,,,,,,,92008,,,,,,,,,,,,,,,
319691210,51208,,,,,,,,,52363,,,,,,,,,,,,,,,
319692010,58985,,,,,,,,,77238,,,,,,,,,,,,,,,
319724510,9290,,,,,,,,,13190,,,,,,,,,,,,,,,
319724610,12768,,,,,,,,,13672,,,,,,,,,,,,,,,
318490010,20001,,,,,,,,,23682,,,,,,,,,,,,,,,
318499510,12918,,,,,,,,,13264,,,,,,,,,,,,,,,
318524510,6143,,,,,,,,,8252,,,,,,,,,,,,,,,
318524610,7410,,,,,,,,,11570,,,,,,,,,,,,,,,
318537210,16025,,,,,,,,,17838,,,,,,,,,,,,,,,
318537610,30201,,,,,,,,,27168,,,,,,,,,,,,,,,
318546610,70282,,,,,,,,,32338,,,,,,,,,,,,,,,
318599510,9456,,,,,,,,,14548,,,,,,,,,,,,,,,
318719110,95260,,,,,,,,,59780,,,,,,,,,,,,,,,
318724510,26206,50584,,61691,35766,60640,70789,32597,,28794,66389,,,,,,45576,,,,,,,,
318724610,33532,66508,,,45224,73539,61847,34521,,48444,,,,,,,52449,,,,,,,,
318737610,94067,,,,,,,,,,,,,,,,,,,,,,,,
318750710,86690,,,,,,,,,96873,,,,,,,,,,,,,,,
318799510,52325,80143,,,,,,53905,,52953,,,,,,,,,,,,,,,
318824510,33758,48054,74748,66423,49754,43734,40045,37173,,32431,55209,42564,,,,,76712,,,,,,,,
318824610,40878,59511,,70891,73945,49365,,47696,,45214,66834,,,,,,89594,,,,,,,,
318826310,42030,61383,,,,,,47415,,55605,,,,,,,79399,,,,,,,,
318924510,8995,14160,89817,,,,,11667,,15418,18601,,,,,,17191,,,,,,,,
318924610,13961,20367,,,,,,14743,,22100,34417,,,,,,23789,,,,,,,,
318937210,43261,59480,,79601,76462,69524,,63436,,62360,78124,,,,,,100177,,,,,,,,
318946610,92840,,,,,,,,,,,,,,,,,,,,,,,,
318950710,30524,66926,,,,,,35743,,22858,35602,,,,,,52423,,,,,,,,
318961210,99575,,,,,,,,,85275,,,,,,,,,,,,,,,
319019110,52981,,,,,,,78061,,,,,,,,,,,,,,,,,
319024510,24459,29806,,38635,42095,25661,43705,26574,,31037,62778,,,,,,39477,,,,,,,,
319024610,29610,35917,,,,,,29994,,44037,49010,,,,,,50343,,,,,,,,
319026310,43554,61284,,,,,,47729,,21711,54908,,,,,,25216,,,,,,,,
319037210,69736,77638,,,,72792,,76507,,92377,,,,,,,,,,,,,,,
304250410,47566,83220,,,82832,,,95358,,37628,49240,,,,,,74677,,,,,,,,
304262410,34160,,,,,,,,,,,,,,,,,,,,,,,,
304291810,94924,,,,,95424,,,,78710,,,,,,,,,,,,,,,
304299510,26457,28719,55898,54997,67306,50317,,30143,,30875,33153,,,,,,36033,,,,,,,,
313524510,13133,24787,,34482,16246,23659,28750,16276,,21068,43436,,,,,,26165,,,,,,,,
313524610,17552,25391,,,,,,18665,,27690,50001,,,,,,28906,,,,,,,,
313537210,47128,92034,82357,,68686,72240,,60245,,50232,,,,,,,,,,,,,,,
313561210,77372,98743,,,,,,,,,,,,,,,,,,,,,,,
313599510,33001,36907,,,,,,38723,,80061,,,,,,,,,,,,,,,
313924510,7269,12350,41555,11019,15223,17662,11946,7588,,6022,18232,42552,,,,,8354,,,,,,,,
313924610,9399,11205,66406,21521,20218,21109,15301,9998,,10236,23629,62040,,,,,12277,,,,,,,,
313937210,16573,25959,57839,51074,33806,27363,17899,23125,,24478,38276,,,,,,27931,,,,,,,,
313937610,36473,57959,,70571,,55952,39771,62296,,65518,,,,,,,,,,,,,,,
313946110,43197,82876,,,,,,44563,,24910,63211,,,,,,30398,,,,,,,,
314624510,34338,38964,,,,78658,,36632,,43160,,,,,,,44984,,,,,,,,
314624610,41161,57422,,,,76326,,43275,,71886,94877,,,,,,,,,,,,,,
314629310,99908,,,,,,,,,,,,,,,,,,,,,,,,
314637210,98101,,,,,,,,,,,,,,,,,,,,,,,,
314661210,69337,,,,,,,,,,,,,,,,,,,,,,,,
314692010,45257,54569,,,,,,50513,,77044,77376,,,,,,86090,,,,,,,,
314699510,44667,90407,,,,,,61361,,74086,,,,,,,,,,,,,,,
314724510,71663,84636,,,,99699,,88526,,93109,,,,,,,,,,,,,,,
314824510,32476,,,,,,,,,47146,,,,,,,,,,,,,,,
314824610,42069,,,,,,,,,90025,,,,,,,,,,,,,,,
314825210,43193,,,,,,,,,73881,,,,,,,,,,,,,,,
314837210,74932,,,,,,,,,84337,,,,,,,,,,,,,,,
314890010,98599,,,,,,,,,,,,,,,,,,,,,,,,
314899510,65473,,,,,,,,,92587,,,,,,,,,,,,,,,
315424510,38735,47375,,,,,,46531,,57560,69341,,,,,,63542,,,,,,,,
213429310,95083,,,,,,,,,,,,,,,,,,,,,,,,
213461210,89130,,,,,,,,,,,,,,,,,,,,,,,,
213484410,83849,,,,,,,88301,,63690,,,,,,,,,,,,,,,
213519110,94156,,,,,,,,,,,,,,,,,,,,,,,,
213524210,62116,68460,,,,82033,,64903,,49521,72338,,,,,,64675,,,,,,,,
213561210,88253,,,,,,,,,,,,,,,,,,,,,,,,
213619110,74164,,,,,,,,,,,,,,,,,,,,,,,,
213624510,75394,81170,,,,97074,,83535,,88099,,,,,,,,,,,,,,,
213624610,85435,,,,,,,94043,,55707,,,,,,,,,,,,,,,
213653410,76480,,,,,,,,,68647,,,,,,,,,,,,,,,
213661210,96844,,,,,,,,,,,,,,,,,,,,,,,,
213719110,93559,,,,,,,,,,,,,,,,,,,,,,,,
213724210,72250,,,,,,,,,44911,,,,,,,,,,,,,,,
213761210,76245,,,,,,,,,,,,,,,,,,,,,,,,
213819110,75348,,,,,,,,,95070,,,,,,,,,,,,,,,
213824210,75953,85322,,,,77693,,78302,,92374,,,,,,,95321,,,,,,,,
213829310,91875,,,,,,,,,79287,,,,,,,,,,,,,,,
213861210,97207,,,,,,,,,,,,,,,,,,,,,,,,
225019110,72560,,,,,,,,,,,,,,,,,,,,,,,,
225024210,24242,35430,,,,,,32226,,,,,,,,,,,,,,,,,
225029310,,,,,,,,,,40496,,,,,,,,,,,,,,,
225037210,70164,,,,,,,,,,,,,,,,,,,,,,,,
225219110,88746,,,,,,,,,,,,,,,,,,,,,,,,
225224210,63585,,,,,,,81163,,62705,,,,,,,,,,,,,,,
225229710,99986,,,,,,,,,96030,,,,,,,,,,,,,,,
225261210,97711,,,,,,,,,,,,,,,,,,,,,,,,
225419110,86822,,,,,,,,,,,,,,,,,,,,,,,,
225424510,48970,57400,,,,,,59881,,54349,,,,,,,57104,,,,,,,,
100550310,20756,43647,,,,,,44996,,,,,,,,,,,,,,,,,
100551710,85643,,,,,,,,,,,,,,,,,,,,,,,,
100552710,35398,58578,,,,,,39019,,,,,,,,,,,,,,,,,
101219110,38808,48037,71846,76463,59301,48073,,49006,,40050,74924,,,,,,62816,,,,,,,,
101224510,13412,18910,26600,24071,34247,24101,,13923,,11575,19370,,,,,,12331,,,,,,,,
101229310,28250,35824,63843,55135,86336,48201,,38980,,44963,46637,,,,,,46351,,,,,,,,
101237210,25409,29003,,55030,65140,51978,,27696,,24838,52273,,,,,,27983,,,,,,,,
101261210,35519,52020,95397,66368,59352,61961,,37289,,49432,56805,,,,,,74713,,,,,,,,
110124210,10920,21691,67387,,,,,11256,,13289,24428,,,,,,14362,,,,,,,,
110124610,15415,27397,76450,,,,,16473,,18705,31196,,,,,,19352,,,,,,,,
110135610,60407,63987,,,,,,68383,,75295,,,,,,,93570,,,,,,,,
110137210,30101,44194,,,93556,53932,91639,31666,,28499,41897,,,,,,31868,,,,,,,,
110161210,69166,79740,,,,,,73031,,86088,92771,,,,,,87712,,,,,,,,
110519110,87583,,,,,,,,,63648,,,,,,,,,,,,,,,
110524210,24938,29443,59769,39401,43445,65224,51640,28513,,25749,37826,87497,,,,,28170,,,,,,,,
110524610,33441,42322,,59246,64180,39738,,37529,,35916,48485,,,,,,36943,,,,,,,,
110537210,59884,85933,,,85985,,,63173,,79974,,,,,,,84151,,,,,,,,
110561210,95762,,,,,,,,,,,,,,,,,,,,,,,,
110719110,76408,,,,,,,,,82962,,,,,,,,,,,,,,,
110724210,41881,57309,94807,54626,53580,60897,68508,47253,,38815,45476,,,,,,42120,,,,,,,,
110729310,53097,,,,,,,,,92492,,,,,,,,,,,,,,,
110737210,88325,,,,,,,,,90625,,,,,,,94932,,,,,,,,
110761210,89341,,,,,,,,,,,,,,,,,,,,,,,,
110799510,57416,88513,,,,,,62408,,88127,,,,,,,100752,,,,,,,,
111419110,85531,,,,,,,,,67356,,,,,,,,,,,,,,,
111424210,33234,40640,89333,52866,49928,68011,94439,38944,,27355,32875,,,,79127,,34464,,,,,,,,
111424610,45725,56501,,76864,58172,93249,,49504,,43310,49907,,,,,,49405,,,,,,,,
111437210,75929,90843,,,,,,83405,,63680,69189,,,,,,73975,,,,,,,,
225429310,65764,,,,,,,,,,,,,,,,,,,,,,,,
225437210,83070,,,,,,,,,,,,,,,,,,,,,,,,
250824510,75551,76547,,,,,,83474,,55132,73626,,,,,,88862,,,,,,,,
250829310,,,,,,,,,,94893,,,,,,,,,,,,,,,
250850310,87632,,,,,,,,,85290,,,,,,,,,,,,,,,
250861210,,,,,,,,,,78480,,,,,,,,,,,,,,,
250891410,45732,,,,,,,,,,,,,,,,,,,,,,,,
251624210,55789,60257,,,,,,72356,,65666,74767,,,,,,99190,,,,,,,,
251629710,,,,,,,,,,76951,,,,,,,,,,,,,,,
252219110,78908,,,,,,,,,,,,,,,,,,,,,,,,
252224510,88410,,,,,,,,,100258,,,,,,,,,,,,,,,
252237210,76230,,,,,,,,,,,,,,,,,,,,,,,,
253319110,92178,,,,,,,,,,,,,,,,,,,,,,,,
253324210,38435,70280,,57592,68658,46134,57419,44991,,35246,84115,,,,,,42645,,,,,,,,
253329310,91664,96577,,,,,,,,75211,95480,,,,,,,,,,,,,,
253361210,87440,,,,,,,,,82145,,,,,,,,,,,,,,,
253384410,92820,,,,,,,,,80499,,,,,,,86380,,,,,,,,
253399510,56466,94925,,,,68852,,62510,,76575,77783,,,,,,100003,,,,,,,,
304229310,35301,59837,74717,55494,74725,67322,,47565,,45904,67855,,,,,,59723,,,,,,,,
212624210,36314,53776,,49494,39439,37849,54330,43992,,37335,40686,,,,,,45456,,,,,,,,
212626310,58508,62913,,,,,,60468,,32591,69676,,,,,,52059,,,,,,,,
212629310,100153,,,,,,,,,,,,,,,,,,,,,,,,
212661210,99515,,,,,,,,,,,,,,,,,,,,,,,,
212684410,78421,95996,,,,,,,,96250,,,,,,,100365,,,,,,,,
212724210,49147,89155,,56595,52662,85038,93753,61116,,46954,85903,,,,,,59082,,,,,,,,
212724610,54654,81917,,,,85978,,56808,,52332,,,,,,,69534,,,,,,,,
212737210,78296,80849,,,,100689,,90194,,71906,,,,,,,,,,,,,,,
212761210,83986,,,,,,,,,,,,,,,,,,,,,,,,
212919110,83221,,,,,,,,,89767,,,,,,,,,,,,,,,
212924210,38396,90046,,,,,,40106,,38603,76979,,,,,,58050,,,,,,,,
212924610,48107,90807,,,,,,54489,,40849,,,,,,,46140,,,,,,,,
212929810,89994,,,,,,,,,,,,,,,,,,,,,,,,
212937610,94762,,,,,,,,,70945,,,,,,,,,,,,,,,
212961210,61297,,,,,,,,,,,,,,,,,,,,,,,,
213019110,90491,,,,,,,,,,,,,,,,,,,,,,,,
213024210,57745,71364,,,,71467,,82263,,43241,,,,,,,,,,,,,,,
213037210,65207,,,,,,,,,74234,,,,,,,,,,,,,,,
213061210,58928,,,,,,,,,66925,,,,,,,,,,,,,,,
213099510,50700,,,,,,,,,65019,,,,,,,,,,,,,,,
213119110,,,,,,,,,,35819,,,,,,,,,,,,,,,
213124210,84398,,,,,,,99789,,71236,90300,,,,,,,,,,,,,,
213137210,99956,,,,,,,,,,,,,,,,,,,,,,,,
213161210,98522,,,,,,,,,,,,,,,,,,,,,,,,
213324210,63628,,,,,,,75156,,52398,,,,,,,62201,,,,,,,,
213337210,93862,,,,,,,,,69132,,,,,,,,,,,,,,,
213357510,96981,,,,,,,,,,,,,,,,,,,,,,,,
213419110,86200,,,,,,,,,,,,,,,,,,,,,,,,
213424210,53864,61604,,60158,78445,72275,81520,67013,,41980,55615,,,,,,54519,,,,,,,,
202150310,10799,,,,,,,22729,,,,,,,,,,,,,,,,,
202181610,35047,39700,,,,,,55338,,,,,,,,,,,,,,,,,
211119110,48926,,,,,,,,,62863,,,,,,,,,,,,,,,
211124210,38178,,,,,,,,,77876,,,,,,,,,,,,,,,
211161210,100415,,,,,,,,,,,,,,,,,,,,,,,,
211219110,94822,,,,,,,,,,,,,,,,,,,,,,,,
211224210,52743,60560,63400,,,65784,,65546,,48530,50387,,,,,,65284,,,,,,,,
211229310,71007,,,,,,,,,,,,,,,,,,,,,,,,
211261210,98247,,,,,,,,,,,,,,,,,,,,,,,,
211284410,76292,98767,,,,,,,,88990,,,,,,,,,,,,,,,
211419110,98074,,,,,,,,,80790,,,,,,,,,,,,,,,
211424210,25079,38554,,44036,25589,44938,30885,29171,,23727,44971,,,,,,31925,,,,,,,,
211437210,56677,85442,,,76952,77961,71534,66971,,55007,,,,,,,73700,,,,,,,,
211461210,80628,82857,,,,,99805,100733,,,,,,,,,,,,,,,,,
211491110,32484,49477,,,,49899,,33499,,36933,54640,,,,,,37174,,,,,,,,
211619110,,,,,,,,,,87996,,,,,,,,,,,,,,,
211624210,66984,67937,,,,,,94328,,57132,98978,,,,,,75288,,,,,,,,
211629710,84697,,,,,,,,,,,,,,,,,,,,,,,,
212619110,74307,,,,,,,,,,,,,,,,,,,,,,,,
111461210,83262,,,,,,,,,,,,,,,,,,,,,,,,
111624210,69921,97736,,78810,,,,92867,,73946,81534,,,,,,91529,,,,,,,,
111650710,90298,,,,,,,,,42855,53894,,,,,,77891,,,,,,,,
111719110,97226,,,,,,,,,98785,,,,,,,,,,,,,,,
111724210,75719,77196,,,,88281,,80121,,48500,,,,,,,72006,,,,,,,,
111735610,82197,,,,,,,,,,,,,,,,,,,,,,,,
111799510,82921,,,,,,,,,,,,,,,,,,,,,,,,
111924210,64070,,,,,,,94606,,51974,,,,,,,71322,,,,,,,,
111924610,76303,,,,,,,83840,,,,,,,,,,,,,,,,,
111950710,34396,,,,,,,,,,,,,,,,,,,,,,,,
111961210,98888,,,,,,,,,80836,,,,,,,,,,,,,,,
112019110,100514,,,,,,,,,,,,,,,,,,,,,,,,
112024210,55328,,,,,,,,,31365,,,,,,,,,,,,,,,
112037210,96561,,,,,,,,,86745,,,,,,,,,,,,,,,
112050710,72556,,,,,,,,,59548,,,,,,,,,,,,,,,
112061210,100681,,,,,,,,,,,,,,,,,,,,,,,,
112089310,72848,,,,,,,,,48076,,,,,,,,,,,,,,,
112124210,56641,62846,,,,,,62793,,38946,72142,,,,,,55679,,,,,,,,
112124610,73606,75151,,,,,,82561,,67922,71243,,,,,,77456,,,,,,,,
112137210,83385,,,,,,,,,86872,,,,,,,,,,,,,,,
112324210,67609,79850,,,,,,75972,,74004,82986,,,,,,83132,,,,,,,,
112519110,,,,,,,,,,31052,,,,,,,,,,,,,,,
112524210,56444,,,,,,,89693,,75640,,,,,,,,,,,,,,,
112561210,66966,,,,,,,,,,,,,,,,,,,,,,,,
112619110,98545,,,,,,,,,,,,,,,,,,,,,,,,
112624210,99358,,,,,,,100192,,83344,,,,,,,,,,,,,,,
335124510,96640,98473,,,,,,96733,,,,,,,,,99902,,,,,,,,
335191110,78897,,,,,,,,,,,,,,,,,,,,,,,,
335319110,77983,,,,,,,,,,,,,,,,,,,,,,,,
335324510,73303,,,,,,,,,,,,,,,,,,,,,,,,
335361210,93600,,,,,,,,,,,,,,,,,,,,,,,,
342319110,48246,,,,,,,,,,,,,,,,,,,,,,,,
342324510,37396,,,,,,,,,44075,,,,,,,,,,,,,,,
342324610,53543,,,,,,,,,,,,,,,,,,,,,,,,
342390010,67329,,,,,,,,,,,,,,,,,,,,,,,,
343619110,85099,,,,,,,,,,,,,,,,,,,,,,,,
343624510,88737,,,,,,,,,,,,,,,,,,,,,,,,
343919110,99275,,,,,,,,,,,,,,,,,,,,,,,,
343924510,52756,,,,,,,,,35976,,,,,,,,,,,,,,,
344524510,57756,78907,78705,,,,,89842,,40855,,,,,,,84314,,,,,,,,
344561210,99327,,,,,,,,,,,,,,,,,,,,,,,,
344724510,69967,,,,,,,83949,,,,,,,,,,,,,,,,,
346024510,52571,,,,,,,,,,,,,,,,,,,,,,,,
346024610,72059,,,,,,,,,,,,,,,,,,,,,,,,
346092110,89200,,,,,,,,,68055,,,,,,,,,,,,,,,
346092410,72546,,,,,,,,,56076,,,,,,,,,,,,,,,
112629310,99549,,,,,,,,,,,,,,,,,,,,,,,,
112719110,89129,,,,,,,94472,,,,,,,,,,,,,,,,,
112724510,51604,81856,,63077,,79431,,71428,,46529,,,,,,,63889,,,,,,,,
112729310,88178,,,,,,,99991,,78324,,,,,,,96156,,,,,,,,
112737210,78299,,,,,,,91889,,74797,,,,,,,90282,,,,,,,,
112761210,87619,,,,,,,97431,,98691,,,,,,,,,,,,,,,
112819110,70204,,,,,,,,,,,,,,,,,,,,,,,,
112824210,45839,65344,,,57525,61279,,48731,,44847,50887,,,,,,42474,,,,,,,,
112824610,55514,74855,,,68242,,,59439,,50864,80037,,,,,,57394,,,,,,,,
112829310,99760,,,,,,,,,,,,,,,,,,,,,,,,
112837210,88888,,,,,,,98147,,90521,,,,,,,97528,,,,,,,,
113019110,89096,,,,,,,,,,,,,,,,,,,,,,,,
113024210,77213,83416,,,,,,79009,,,,,,,,,,,,,,,,,
118019110,100412,,,,,,,,,,,,,,,,,,,,,,,,
118024210,89189,,,,,,,98135,,,,,,,,,,,,,,,,,
118219110,72705,,,,,,,98715,,,,,,,,,,,,,,,,,
118224210,94029,99359,,,,,,94414,,69193,99637,,,,,,97076,,,,,,,,
118229310,82150,,,,,,,,,99588,,,,,,,,,,,,,,,
118261210,95685,,,,,,,,,,,,,,,,,,,,,,,,
126524210,63821,,,,,,,72106,,59267,,,,,,,67670,,,,,,,,
126535610,100314,,,,,,,,,,,,,,,,,,,,,,,,
126537210,82892,,,,,,,,,91282,,,,,,,,,,,,,,,
126561210,76024,,,,,,,,,,,,,,,,,,,,,,,,
126824210,72271,,,,,,,87892,,,,,,,,,,,,,,,,,
127619110,42294,,,,,,,,,,,,,,,,,,,,,,,,
127624510,53988,70356,,,,,,78821,,71918,,,,,,,,,,,,,,,
127629310,90370,,,,,,,,,,,,,,,,,,,,,,,,
321619110,80890,,,,,,,,,,,,,,,,,,,,,,,,
321624510,57286,,,,,,,,,64755,,,,,,,91266,,,,,,,,
321637210,94091,,,,,,,,,,,,,,,,,,,,,,,,
321650710,98847,,,,,,,,,,,,,,,,,,,,,,,,
321719110,73372,,,,,,,,,,,,,,,,,,,,,,,,
321724510,71731,,,,,,,73713,,91816,,,,,,,,,,,,,,,
321824510,98059,,,,,,,,,,,,,,,,,,,,,,,,
321824610,89625,,,,,,,,,,,,,,,,,,,,,,,,
321892110,90277,,,,,,,,,,,,,,,,,,,,,,,,
321924510,100369,,,,,,,,,,,,,,,,,,,,,,,,
321929310,41403,,,,,,,,,,,,,,,,,,,,,,,,
322024510,48658,,,,,,,,,,,,,,,,,,,,,,,,
322024610,80516,,,,,,,,,,,,,,,,,,,,,,,,
322124510,80761,,,,,,,,,,,,,,,,,,,,,,,,
322224510,94483,,,,,,,,,,,,,,,,,,,,,,,,
322319110,71261,,,,,,,,,,,,,,,,,,,,,,,,
322324510,88398,,,,,,,,,77210,,,,,,,,,,,,,,,
322324610,59927,,,,,,,,,67382,,,,,,,,,,,,,,,
322329310,,,,,,,,,,72568,,,,,,,,,,,,,,,
600446410,31677,53139,,54550,47476,,,46219,,45581,78579,,,,,,61233,,,,,,,,
600460210,36584,41354,88208,52303,38882,57905,,44210,,49866,70702,,,,,,50661,,,,,,,,
600461210,19488,19747,85904,33191,35898,28085,,20421,,24551,39986,,,,,,29640,,,,,,,,
602819110,97143,98620,,,,,,,,73650,,,,,,,,,,,,,,,
602825410,18344,33957,,63589,82817,61969,,20975,,27383,45338,,,,,,30935,,,,,,,,
602837210,58030,94767,,,88866,73771,,69608,,56543,,,,,,,66361,,,,,,,,
602850310,30569,36919,60665,,66540,33249,,60990,,31345,,,,,,,39485,,,,,,,,
602850710,58036,,,,,,,72612,,59649,,,,,,,,,,,,,,,
602861210,73869,,,,,,,,,,,,,,,,,,,,,,,,
612219110,78563,,,,,,,,,80100,,,,,,,,,,,,,,,
612224510,16965,19577,66907,,,,,17363,,17819,26839,,,,,,19641,,,,,,,,
612237210,38667,55901,,,,50591,,40626,,50628,,,,,,,53134,,,,,,,,
612261210,96183,,,,,,,,,,,,,,,,,,,,,,,,
613819110,87254,,,,,,,,,,,,,,,,,,,,,,,,
613824510,26895,36697,88514,,,44731,,27457,,26311,26886,,,,,,39775,,,,,,,,
613824610,32616,42046,90904,,,53193,,33656,,35977,59662,,,,,,39262,,,,,,,,
613837210,59880,65688,,,,,,60834,,67732,,,,,,,79728,,,,,,,,
613861210,98184,,,,,,,,,,,,,,,,,,,,,,,,
613924510,7972,15961,56616,24869,16302,11798,11788,8562,,9923,17459,,,,,,11455,,,,,,,,
613924610,10746,21794,93015,25309,21663,12213,17525,10874,,10158,23576,,,,,,12616,,,,,,,,
613929310,45738,51562,98845,47154,50801,75364,65084,54502,,59614,93221,,,,,,68306,,,,,,,,
613937210,21497,33962,,43360,40345,28618,37556,22966,,18853,35506,,,,,,23977,,,,,,,,
613961210,63642,,,,,,,,,82406,,,,,,,,,,,,,,,
613984410,23185,40724,,,,26240,,27103,,29790,67699,,,,,,30757,,,,,,,,
613992110,14579,27108,,44062,,20732,,15730,,20764,46428,,,,,,21052,,,,,,,,
613999510,13877,28133,,30023,,23542,,15075,,15141,34357,,,,,,16683,,,,,,,,
614419110,88734,,,,,,,,,,,,,,,,,,,,,,,,
614424510,36353,46323,,36985,65794,39911,51500,39581,,39257,70700,,,,,,43137,,,,,,,,
614424610,38598,49292,,,,49830,,41305,,45509,54656,,,,,,48878,,,,,,,,
614437210,56887,95368,,,,,,57292,,50305,,,,,,,61629,,,,,,,,
614461210,56982,,,,,,,,,,,,,,,,,,,,,,,,
614524510,13707,20646,62023,29246,19317,17760,19077,13997,,16107,26599,83124,,,,,18139,,,,,,,,
614524610,14687,22872,87407,,,,,14910,,17489,32562,,,,,,18265,,,,,,,,
614529310,54450,73888,,,,89167,,65727,,66542,,,,,,,82521,,,,,,,,
614537210,30735,44681,,54696,81337,46898,53145,36790,,34589,92543,,,,,,36283,,,,,,,,
614561210,69185,,,,,,,,,,,,,,,,,,,,,,,,
614924510,49816,,,,,,,,,49287,,,,,,,,,,,,,,,
614924610,51091,,,,,,,,,39564,,,,,,,,,,,,,,,
614937210,79959,,,,,,,,,98446,,,,,,,,,,,,,,,
615624510,9493,21623,65153,28263,13610,15966,15565,11191,,12936,21936,80266,,,,,13428,,,,,,,,
615624610,11446,25282,,,,,,11778,,13844,35320,,,,,,14138,,,,,,,,
615629310,52736,89833,,,,85708,,78645,,61666,,,,,,,92131,,,,,,,,
615637210,28325,53514,,79113,49133,38443,29441,30226,,26508,50289,,,,,,29060,,,,,,,,
615661210,79371,,,82182,,,86483,,,76742,,,,,,,,,,,,,,,
615699510,15789,37207,,,,,,16209,,16262,44598,,,,,,20593,,,,,,,,
539024510,50533,87822,,,,,,54561,,48578,,,,,,,51011,,,,,,,,
539029310,95445,,,,,,,,,,,,,,,,,,,,,,,,
539061210,89016,,,,,,,,,,,,,,,,,,,,,,,,
539092110,65561,,,,,,,,,64403,,,,,,,82003,,,,,,,,
539619110,33086,,,,,,,,,45608,,,,,,,,,,,,,,,
539624510,29340,,,,,,,33969,,51245,,,,,,,93281,,,,,,,,
539629310,75674,,,,,,,,,,,,,,,,,,,,,,,,
539661210,98533,,,,,,,,,,,,,,,,,,,,,,,,
539919110,70930,,,,,,,,,,,,,,,,,,,,,,,,
539924510,53502,82487,,,,54167,,58503,,54111,,,,,,,57986,,,,,,,,
539929310,78385,,,,,,,,,,,,,,,,,,,,,,,,
540124510,57129,86777,,,,,,66015,,63658,,,,,,,74199,,,,,,,,
540129310,77313,,,,,,,,,,,,,,,,,,,,,,,,
540824510,57921,,,,,,,64561,,,,,,,,,,,,,,,,,
540924510,21393,52663,,,,,,79285,,12981,,,,,,,,,,,,,,,
540961210,85826,,,,,,,,,,,,,,,,,,,,,,,,
541124510,71905,,,,,,,,,87529,,,,,,,,,,,,,,,
541129310,,,,,,,,,,99480,,,,,,,,,,,,,,,
541137210,92590,,,,,,,,,,,,,,,,,,,,,,,,
541819110,81497,,,,,,,,,90989,,,,,,,,,,,,,,,
541824510,25442,31503,76939,40074,40697,63681,64972,32574,,34820,51419,83441,,,,,42303,,,,,,,,
541829310,77158,,,,,,,,,,,,,,,,,,,,,,,,
541861210,91277,,,,,,,,,76302,,,,,,,,,,,,,,,
544919110,66541,,,,,,,,,,,,,,,,,,,,,,,,
544924510,47108,,,,,,,,,69207,,,,,,,,,,,,,,,
544924610,63032,,,,,,,,,93901,,,,,,,,,,,,,,,
544929310,90855,,,,,,,,,,,,,,,,,,,,,,,,
544961210,84475,,,,,,,,,,,,,,,,,,,,,,,,
600419110,20823,29313,32821,28327,23669,46943,,26913,,24292,33965,,,,,,26692,,,,,,,,
600424510,7003,13885,31867,13965,14541,8038,,7105,,7948,19820,,,,,,9206,,,,,,,,
600437210,13214,18300,21594,28790,22514,14120,,14089,,13167,23107,,,,,,14680,,,,,,,,
518237210,,,,,,,,,,90741,,,,,,,,,,,,,,,
518261210,87181,,,,,,,,,,,,,,,,,,,,,,,,
518424510,58043,,,,,,,,,91285,,,,,,,,,,,,,,,
518437210,94790,,,,,,,,,,,,,,,,,,,,,,,,
524425710,76988,,,,,,,79729,,40198,,,,,,,55910,,,,,,,,
524491610,83178,,,,,,,96390,,86593,,,,,,,,,,,,,,,
530324510,62479,96473,,,,,,87193,,66491,,,,,,,,,,,,,,,
530337210,99785,,,,,,,,,,,,,,,,,,,,,,,,
532261210,75934,,,,,,,,,,,,,,,,,,,,,,,,
533024510,18669,28467,,,,69980,,20025,,19507,57665,,,,,,26555,,,,,,,,
533024610,23284,45536,,,,49921,,26906,,34110,49210,,,,,,44889,,,,,,,,
533037210,54208,70011,,,,,,62630,,61402,,,,,,,,,,,,,,,
533061210,90993,,,,,,,,,51781,,,,,,,,,,,,,,,
533099510,30827,35923,,,,,,52783,,65438,,,,,,,,,,,,,,,
533119110,90401,,,,,,,,,68033,,,,,,,,,,,,,,,
533124510,32725,50083,38679,,,33868,,32799,,25927,52073,,,,,,28822,,,,,,,,
533129310,96251,,,,,,,96815,,82934,,,,,,,,,,,,,,,
533137210,72542,,98506,,,,,81814,,73030,,,,,,,91498,,,,,,,,
533161210,93287,,,,,,,,,79157,,,,,,,,,,,,,,,
538019110,91656,,,,,,,,,,,,,,,,,,,,,,,,
538024510,89621,,,,,,,,,76205,,,,,,,,,,,,,,,
538029310,57008,,,,,,,,,,,,,,,,,,,,,,,,
538061210,93543,,,,,,,,,,,,,,,,,,,,,,,,
538124210,90762,,,,,,,,,54781,,,,,,,,,,,,,,,
538161210,79475,,,,,,,,,,,,,,,,,,,,,,,,
538224510,80579,87964,,,,,,89342,,48737,,,,,,,,,,,,,,,
539019110,99297,,,,,,,,,,,,,,,,,,,,,,,,
516924510,86539,89768,,,,,,96650,,62641,,,,,,,,,,,,,,,
517019110,98919,,,,,,,,,,,,,,,,,,,,,,,,
517024210,78564,,,,,,,,,99581,,,,,,,,,,,,,,,
517029310,,,,,,,,,,95790,,,,,,,,,,,,,,,
517099410,62735,,,,,,,,,55457,,,,,,,,,,,,,,,
517124510,88406,,,,,,,,,,,,,,,,,,,,,,,,
517129310,96583,,,,,,,,,72395,,,,,,,,,,,,,,,
517319110,86725,,,,,,,,,,,,,,,,,,,,,,,,
517324510,45316,,,,,,,,,41715,,,,,,,,,,,,,,,
517337210,83179,,,,,,,,,65363,,,,,,,,,,,,,,,
517361210,96132,,,,,,,,,,,,,,,,,,,,,,,,
517399510,77250,,,,,,,,,74876,,,,,,,,,,,,,,,
517724510,38411,74028,90979,,,96451,,44935,,52582,76698,,,,,,56223,,,,,,,,
517724610,49960,59523,,,,66331,,53792,,64680,80245,,,,,,73223,,,,,,,,
517737210,94467,,,,,,,99047,,85199,,,,,,,,,,,,,,,
517799510,85063,,,,,,,95335,,69935,,,,,,,85423,,,,,,,,
517924510,50684,,,,,91166,,80732,,70950,92096,,,,,,,,,,,,,,
518119110,91803,,,,,,,,,,,,,,,,,,,,,,,,
518124510,32603,66853,100180,47512,43888,,46408,34067,,25690,49559,,,,,,31445,,,,,,,,
518129310,99939,,,,,,,,,,,,,,,,,,,,,,,,
518137210,60406,,,,,,,74413,,84526,,,,,,,88863,,,,,,,,
518161210,55272,,,,,,,,,,,,,,,,,,,,,,,,
518219110,69426,,,,,,,,,,,,,,,,,,,,,,,,
518224510,48822,71457,,,,,,51075,,61280,,,,,,,61644,,,,,,,,
518229310,97871,,,,,,,,,,,,,,,,,,,,,,,,
515119110,65272,93761,71556,,,,,99122,,74525,,,,,,,,,,,,,,,
515124510,27356,48111,67021,32971,32373,50532,36235,32800,,31580,35915,95778,,,,,32090,,,,,,,,
515124610,31333,54591,,,,,,33056,,35467,66630,,,,,,38697,,,,,,,,
515129310,97391,,,,,,,,,97666,,,,,,,,,,,,,,,
515137210,53622,92282,,,,,,53808,,55340,,,,,,,82814,,,,,,,,
515161210,99645,,,,,,,,,98672,,,,,,,,,,,,,,,
515199510,44108,55421,,,,,,50767,,65243,93450,,,,,,70401,,,,,,,,
516124610,42627,43266,62642,62948,,82824,,54534,,51641,,,,,,,,,,,,,,,
516125710,66007,,,,,,,88236,,,,,,,,,,,,,,,,,
516129310,98795,,,,,,,,,,,,,,,,,,,,,,,,
516137210,86794,,,,,,,,,,,,,,,,,,,,,,,,
516161210,44292,,,,,,,,,,,,,,,,,,,,,,,,
516219110,98563,,,,,,,,,75757,,,,,,,,,,,,,,,
516224510,18126,38160,65824,45928,27484,23873,37458,18242,,18083,50012,,,,,,27557,,,,,,,,
516224610,26927,40852,,,,,,29413,,37683,57219,,,,,,37973,,,,,,,,
516229310,67053,,,,,84492,,,,93930,,,,,,,,,,,,,,,
516237210,48268,,,,,90933,,50919,,74752,,,,,,,98862,,,,,,,,
516261210,98278,,,,,,,,,,,,,,,,,,,,,,,,
516284410,79880,,,,,,,85584,,88431,,,,,,,,,,,,,,,
516291610,94967,,,,,,,,,,,,,,,,,,,,,,,,
516424510,90902,,,,,,,,,,,,,,,,,,,,,,,,
516824510,96741,,,,,,,,,,,,,,,,,,,,,,,,
512119110,53513,84736,70790,90059,61195,68429,,58483,,61305,78260,91607,,,,,68067,,,,,,,,
512121910,49820,53328,,,,,,65913,,49773,,,,,,,,,,,,,,,
512124510,9136,18612,66924,28501,13069,13349,16057,10464,,10870,23960,36413,,,,,12508,,,,,,,,
512124610,12259,21826,25605,,,,,12427,,12223,29836,,,,,,13280,,,,,,,,
512125710,15922,34559,,,,,,17441,,27413,36256,,,,,,29456,,,,,,,,
512129310,50965,87525,75743,82245,57208,52086,70935,66019,,60843,96002,77017,,,,,73652,,,,,,,,
512137210,28252,55158,,51329,48407,35146,43860,30244,,27773,94869,,,,,,31891,,,,,,,,
512150710,41373,68900,,60136,,,,59356,,56809,63900,,,,,,64051,,,,,,,,
512161210,60086,87457,71816,,67897,67804,,81349,,95323,,,,,,,91689,,,,,,,,
512199510,24340,30841,,37892,26971,31789,40202,27001,,23147,61484,,,,,,27667,,,,,,,,
512419110,96713,,,,,,,,,,,,,,,,,,,,,,,,
512424510,60631,95454,78105,,,,,68531,,80394,93510,,,,,,89604,,,,,,,,
512424610,53352,,77909,,,,,68002,,72870,,,,,,,77946,,,,,,,,
512429310,98915,,,,,,,,,,,,,,,,,,,,,,,,
512461210,56678,,,,,,,,,,,,,,,,,,,,,,,,
512524510,46059,53837,79227,,,98173,,49791,,17569,61146,,,,,,34221,,,,,,,,
512524610,51938,64230,,,,75557,,56849,,56632,,,,,,,69765,,,,,,,,
512550710,86645,,,,,,,,,73907,,,,,,,,,,,,,,,
513024510,53648,68745,86179,,,,,57642,,48340,,,,,,,64352,,,,,,,,
513029310,87227,,,,,,,,,,,,,,,,,,,,,,,,
513919110,77122,,,,,,,,,,,,,,,,,,,,,,,,
513924510,21484,51876,,,,32312,,34064,,30617,87839,,,,,,41693,,,,,,,,
513924610,29495,55525,,,,,,35306,,19853,,,,,,,,,,,,,,,
513937210,79377,,,,,,,87443,,74625,,,,,,,,,,,,,,,
513946410,64164,,,,,,,,,,,,,,,,,,,,,,,,
513950710,77889,,,,,,,92877,,,,,,,,,,,,,,,,,
513961210,95826,,,,,,,,,,,,,,,,,,,,,,,,
513984410,83412,,,,,95879,,97302,,66806,,,,,,,,,,,,,,,
513991610,96607,,,,,,,,,,,,,,,,,,,,,,,,
412324610,42170,,,,,,,,,49172,,,,,,,,,,,,,,,
412325110,46744,,,,,,,,,42794,,,,,,,,,,,,,,,
412326510,92476,,,,,,,,,,,,,,,,,,,,,,,,
412326610,60189,,,,,,,,,83908,,,,,,,,,,,,,,,
412329310,97793,,,,,,,,,,,,,,,,,,,,,,,,
412335610,99357,,,,,,,,,77242,,,,,,,,,,,,,,,
412337010,93469,,,,,,,,,98679,,,,,,,,,,,,,,,
412337210,78155,,,,,,,,,87830,,,,,,,,,,,,,,,
412350710,54015,,,,,,,,,50220,,,,,,,,,,,,,,,
412361210,96965,,,,,,,,,58431,,,,,,,,,,,,,,,
412399510,59904,,,,,,,,,47721,,,,,,,,,,,,,,,
413319110,96658,,,,,,,,,95111,,,,,,,,,,,,,,,
413324510,56218,68666,,,,,,70593,,69321,81001,,,,,,90060,,,,,,,,
413329310,76634,,,,,,,,,97257,,,,,,,,,,,,,,,
413337210,88855,,,,,,,,,94215,,,,,,,,,,,,,,,
413361210,91411,,,,,,,,,,,,,,,,,,,,,,,,
413424210,41194,53001,100294,,,,,50559,,31575,76851,,,,,,40513,,,,,,,,
413429310,89465,,,,,,,,,,,,,,,,,,,,,,,,
413519110,85062,94697,,,,,,99473,,99228,,,,,,,,,,,,,,,
413524210,65148,82160,,,,,,69643,,50709,71852,,,,,,64390,,,,,,,,
413524610,73651,83539,,,,,,87939,,57941,77263,,,,,,70071,,,,,,,,
413529310,97326,,,,,,,,,79047,,,,,,,,,,,,,,,
413537210,83442,,,,,,,,,74724,,,,,,,90009,,,,,,,,
413561210,98837,,,,,,,,,,,,,,,,,,,,,,,,
413619110,91748,,,,,,,,,71014,,,,,,,,,,,,,,,
413624210,39658,,,,,,,,,45935,,,,,,,,,,,,,,,
413629310,85960,,,,,,,,,97623,,,,,,,,,,,,,,,
413637210,100361,,,,,,,,,93434,,,,,,,,,,,,,,,
413699710,64965,,,,,,,,,59704,,,,,,,,,,,,,,,
346524510,79419,99767,,,,,,,,98219,,,,,,,,,,,,,,,
346719110,57297,,,,,,,,,,,,,,,,,,,,,,,,
346724510,38370,72677,,,,,,48247,,43659,84459,,,,,,,,,,,,,,
346737210,78539,,,,,,,,,,,,,,,,,,,,,,,,
346761210,59068,,,,,,,,,,,,,,,,,,,,,,,,
346791110,73765,,,,,,,,,,,,,,,,,,,,,,,,
347119110,81283,,,,,,,,,97148,,,,,,,,,,,,,,,
347124510,51412,54706,,,,,,53479,,86169,99652,,,,,,96686,,,,,,,,
347125710,74150,79249,,,,,,96972,,40575,,,,,,,,,,,,,,,
347199510,72735,87206,,,,,,97037,,76338,,,,,,,,,,,,,,,
347519110,,,,,,,,,,69172,,,,,,,,,,,,,,,
347524510,40405,,,,,,,,,69202,,,,,,,,,,,,,,,
347524610,61197,,,,,,,,,60703,,,,,,,,,,,,,,,
347561210,94864,,,,,,,,,,,,,,,,,,,,,,,,
347591110,41470,,,,,,,,,,,,,,,,,,,,,,,,
347591210,62349,,,,,,,,,48771,,,,,,,,,,,,,,,
347724510,49566,55020,,,,67590,,56317,,77595,85495,,,,,,80127,,,,,,,,
350324510,87933,,,,,,,,,,,,,,,,,,,,,,,,
350324610,91067,,,,,,,,,,,,,,,,,,,,,,,,
400419110,40792,52179,91633,43316,61574,51999,,44461,,40436,50745,,,,,,42025,,,,,,,,
400424210,12437,19145,44545,23294,17586,18449,,12659,,12301,26033,,,,,,12850,,,,,,,,
400429310,42283,47896,,65056,87116,86252,,47916,,48934,98683,,,,,,52010,,,,,,,,
400437210,28941,46809,90503,39545,47830,57691,,33595,,27650,36828,,,,,,29250,,,,,,,,
400446610,60031,,,,,,,83365,,69964,,,,,,,,,,,,,,,
400461210,46187,51405,,59026,86707,90998,,48151,,43645,64139,,,,,,48479,,,,,,,,
400550310,9538,30187,,,,,,17192,,,,,,,,,,,,,,,,,
400550710,6328,8631,,,26948,12358,,7846,,8514,12496,,,,,,10305,,,,,,,,
419661210,87301,,,,,,,,,,,,,,,,,,,,,,,,
419719110,99178,,,,,,,,,,,,,,,,,,,,,,,,
419724210,59965,82866,,,,,,71903,,60938,,,,,,,,,,,,,,,
428519110,79290,,,,,,,,,,,,,,,,,,,,,,,,
428524610,63550,83352,,,,,,96556,,76246,85737,,,,,,,,,,,,,,
428529310,57024,,,,,,,,,,,,,,,,,,,,,,,,
428561210,99353,,,,,,,,,75829,,,,,,,,,,,,,,,
430224510,87394,,,,,,,,,92107,,,,,,,,,,,,,,,
430424550F,,,,,,,,,,22107,58478,73323,,,34799,,34088,,,,,,,,
430437250F,,,,,,,,,,68140,77300,,,,,,82745,,,,,,,,
430461250F,,,,,,,,,,74945,,,,,,,,,,,,,,,
461319110,88264,,,,,,,,,83997,,,,,,,,,,,,,,,
461324510,51824,65614,58380,,,,,58262,,64064,79620,,,,,,,,,,,,,,
461329310,64990,82049,,,,92698,,75718,,95596,,,,,,,,,,,,,,,
461337210,56622,89695,,,,,,,,,,,,,,,,,,,,,,,
461361210,82476,93286,,,,,,96711,,95965,,,,,,,100523,,,,,,,,
464819110,65342,,,,,,,,,,,,,,,,,,,,,,,,
464919110,79469,,,,,,,,,58220,,,,,,,,,,,,,,,
464924510,44531,,,,,,,,,55711,,,,,,,,,,,,,,,
464929310,99258,,,,,,,,,92258,,,,,,,,,,,,,,,
464961210,90091,,,,,,,,,,,,,,,,,,,,,,,,
500350310,10474,,,,,,,24232,,,,,,,,,,,,,,,,,
500350710,42628,58662,,,,,,68619,,56740,94711,,,,,,70421,,,,,,,,
500350810,86708,,,,,,,,,,,,,,,,,,,,,,,,
500351810,74282,,,,,,,,,,,,,,,,,,,,,,,,
500352310,35935,,,,,,,42063,,,,,,,,,,,,,,,,,
510319110,90587,,,,,,,,,,,,,,,,,,,,,,,,
510324510,90331,,,,95571,,,99162,,71673,,,,,,,100409,,,,,,,,
510361210,83627,,,,,,,,,,,,,,,,,,,,,,,,
510419110,57161,,,,,,,,,67341,,,,,,,,,,,,,,,
510424510,68357,99454,,92055,73594,68834,,74122,,57942,,,,,76149,,74834,,,,,,,,
510429310,85621,,,,,,,,,,,,,,,,,,,,,,,,
510437210,78628,,,,,,,,,,,,,,,,,,,,,,,,
510450710,53800,,,,,,,,,100250,,,,,,,,,,,,,,,
510461210,84014,,,,,,,,,,,,,,,,,,,,,,,,
510624510,88012,,,,,,,93115,,90676,,,,,,,,,,,,,,,
510629310,90965,,,,,,,,,,,,,,,,,,,,,,,,
510637210,96417,,,,,,,,,,,,,,,,,,,,,,,,
510661210,75944,,,,,,,,,,,,,,,,,,,,,,,,
510724510,79056,,,,,,,87024,,97368,,,,,,,,,,,,,,,
510761210,85749,,,,,,,,,,,,,,,,,,,,,,,,
510819110,68892,,,,,,,,,95954,,,,,,,,,,,,,,,
510824510,15488,43131,49505,,,,,17413,,19280,39416,,,,,,19293,,,,,,,,
510824610,20909,55347,91255,,,,,21685,,24466,60555,,,,,,25146,,,,,,,,
510837210,52418,,,,,89684,,55712,,37455,,,,,,,41007,,,,,,,,
510846410,69322,,,,,,,,,86782,,,,,,,,,,,,,,,
510861210,97188,,,,,,,,,,,,,,,,,,,,,,,,
510919110,50738,,57158,,,76403,,66554,,82274,,,,,,,,,,,,,,,
510924510,29620,50932,53612,46048,33198,43206,51825,34777,,33118,55446,,,,,,38114,,,,,,,,
510924610,30705,47469,79336,,,45589,,33351,,36172,82607,,,,,,39957,,,,,,,,
510929310,56199,,71176,,,,,72806,,99596,,,,,,,,,,,,,,,
510937210,65399,84729,93036,,,96192,,68788,,73906,,,,,,,76976,,,,,,,,
510961210,65373,93691,73296,,,,,68662,,85961,,,,,,,,,,,,,,,
510991610,79253,,,,,,,,,98194,,,,,,,,,,,,,,,
510999510,45863,60754,,,,,,51576,,57828,64238,,,,,,68042,,,,,,,,
417724610,46265,,,,,,,,,49563,,,,,,,,,,,,,,,
417737010,96349,,,,,,,,,96314,,,,,,,,,,,,,,,
418119110,82112,,,,,,,,,95240,,,,,,,,,,,,,,,
418124510,61576,97918,,,,,,87922,,69101,93661,,,,,,,,,,,,,,
418137210,68299,,,,,,,,,,,,,,,,,,,,,,,,
418161210,91716,,,,,,,,,,,,,,,,,,,,,,,,
418819110,70199,,,,,,,,,,,,,,,,,,,,,,,,
418824210,60339,,,,,,,,,90386,,,,,,,,,,,,,,,
418850310,72038,,,,,,,,,59186,,,,,,,,,,,,,,,
418870110,67495,,,,,,,,,75683,,,,,,,,,,,,,,,
419024210,97639,,,,,,,,,93000,,,,,,,,,,,,,,,
419029310,97460,,,,,,,,,,,,,,,,,,,,,,,,
419061210,93047,,,,,,,,,,,,,,,,,,,,,,,,
419219110,76261,,96484,,,,,,,76735,,,,,,,,,,,,,,,
419224210,72402,82286,82979,,,,,94553,,84810,,,,,,,,,,,,,,,
419235610,89013,,95485,,,,,,,59618,,,,,,,,,,,,,,,
419261210,63080,79259,81101,,,,,,,73759,,,,,,,,,,,,,,,
419324210,71568,,,,,,,,,65815,,,,,,,,,,,,,,,
419329310,61584,,,,,,,,,65271,,,,,,,,,,,,,,,
419361210,94383,,,,,,,,,38388,,,,,,,,,,,,,,,
419519110,96944,,,,,,,,,78843,,,,,,,,,,,,,,,
419524210,56454,65428,86125,,,,,65104,,68458,73589,,,,,,71707,,,,,,,,
419529310,59946,,,,,,,,,67917,,,,,,,,,,,,,,,
419561210,97593,,,,,,,,,,,,,,,,,,,,,,,,
419591210,79778,81787,,,,,,90857,,89725,95709,,,,,,,,,,,,,,
419619110,99097,,,,,,,,,72014,,,,,,,,,,,,,,,
419624210,56990,70352,,,,,,65195,,56637,,,,,,,73894,,,,,,,,
414799510,55868,60473,91159,,,,,68392,,100214,,,,,,,,,,,,,,,
415100210,42040,53018,67755,,,54893,,47969,,26827,51014,,,,,,82298,,,,,,,,
415108210,80116,,,,,,,85562,,89740,,,,,,,,,,,,,,,
415119110,79154,82431,100395,,,,,95737,,78882,,,,,,,,,,,,,,,
415124210,47853,61850,64741,,,,,52144,,47493,58410,,,,,,52936,,,,,,,,
415124610,67809,81278,,,,,,76168,,50999,59309,,,,,,52963,,,,,,,,
415129310,72514,,,,,,,98725,,99096,,,,,,,,,,,,,,,
415137010,86407,,,,,,,,,100201,,,,,,,,,,,,,,,
415161210,99063,,,,,,,,,,,,,,,,,,,,,,,,
416324210,56162,87515,,,65501,,,73729,,54599,77972,,,,,,71576,,,,,,,,
416329310,89392,,,,,,,,,,,,,,,,,,,,,,,,
416337010,95736,,,,,,,,,76823,,,,,,,,,,,,,,,
416361210,82121,,,,,,,,,,,,,,,,,,,,,,,,
416370110,34384,34991,70844,,,,,48921,,68689,59801,,,,,,52105,,,,,,,,
417219110,,,,,,,,,,97689,,,,,,,,,,,,,,,
417224210,68998,,,,,,,,,67562,,,,,,,,,,,,,,,
417226310,86637,,,,,,,,,,,,,,,,,,,,,,,,
417229310,87253,,,,,,,,,,,,,,,,,,,,,,,,
417237210,98576,,,,,,,,,,,,,,,,,,,,,,,,
417519110,95356,,,,,,,,,,,,,,,,,,,,,,,,
417524210,70690,84497,,,,,,81639,,61903,65869,,,,,,73288,,,,,,,,
417537210,78830,,,,,,,,,79552,,,,,,,,,,,,,,,
417561210,80315,,,,,,,,,89164,,,,,,,,,,,,,,,
417724210,42765,,,,,,,,,46324,,,,,,,,,,,,,,,
400551010,13180,47081,,,,,,28415,,,,,,,,,,,,,,,,,
400552410,27836,,,,,,,41683,,,,,,,,,,,,,,,,,
400552810,14935,26799,,,,,,25190,,,,,,,,,,,,,,,,,
400552910,27976,38527,,,,,,29993,,,,,,,,,,,,,,,,,
400572910,21114,,,,,,,22488,,,,,,,,,,,,,,,,,
402519110,25795,37069,54232,27040,45981,42352,,27475,,31612,42834,,,,,,33633,,,,,,,,
402524210,6667,8439,20056,19526,10791,16406,,6732,,6464,18962,,,,,,7016,,,,,,,,
402529310,22725,39155,44270,61692,39871,42404,,23992,,31935,37470,,,,,,32133,,,,,,,,
402537210,13860,33611,87959,31878,21205,32684,,14407,,11745,34923,,,,,,15108,,,,,,,,
402561210,20013,35022,60116,33121,27641,39973,,33999,,26957,55409,,,,,,37791,,,,,,,,
410419110,80289,,,,,,,100714,,,,,,,,,,,,,,,,,
410424610,57750,80123,,,,,,58385,,49277,64581,,,,,,52914,,,,,,,,
410425110,74991,94173,,96797,97416,,,85265,,49348,85759,,,,,,68457,,,,,,,,
410429310,80419,,,,,,,,,,,,,,,,,,,,,,,,
410461210,81131,,,,,,,,,,,,,,,,,,,,,,,,
411824510,69828,87665,,,83254,81199,,76913,,52015,65740,,,,,,65667,,,,,,,,
411829310,97821,,,,,,,,,97940,,,,,,,,,,,,,,,
411837210,84828,89905,,,,,,86717,,50916,,,,,,,78095,,,,,,,,
411861210,91890,,,,,,,,,,,,,,,,,,,,,,,,
412300210,16608,,,,,,,,,12383,,,,,,,,,,,,,,,
412308210,49482,,,,,,,,,49369,,,,,,,,,,,,,,,
412319110,98503,,,,,,,,,93309,,,,,,,,,,,,,,,
412324210,32768,,,,,,,,,28677,,,,,,,,,,,,,,,
413924210,74196,,,,,,,,,70157,,,,,,,,,,,,,,,
413992110,98393,,,,,,,,,,,,,,,,,,,,,,,,
414124510,63719,76765,,,,,,68428,,65942,,,,,,,94626,,,,,,,,
414319110,84521,,,,,,,,,,,,,,,,,,,,,,,,
414324510,98032,,,,,,,,,,,,,,,,,,,,,,,,
414419110,,,,,,,,,,71862,,,,,,,,,,,,,,,
414424210,50685,52639,,,,93227,,55475,,53861,55034,,,,,,64268,,,,,,,,
414424610,57271,83491,,,,91191,,63862,,51233,,,,,,,54401,,,,,,,,
414429310,97958,,,,,,,,,65294,,,,,,,,,,,,,,,
414461210,,,,,,,,,,89128,,,,,,,,,,,,,,,
414519110,85930,97321,87832,,,,,92231,,58903,,,,,,,,,,,,,,,
414524210,56099,73974,62643,77440,71446,,,62960,,54060,64107,,,,,,70752,,,,,,,,
414529310,71997,,,,,,,98243,,,,,,,,,,,,,,,,,
414537210,94143,,,,,,,,,,,,,,,,,,,,,,,,
414561210,79384,86117,,,,,,97754,,50037,,,,,,,,,,,,,,,
414599510,62135,,,,,,,78043,,74552,,,,,,,,,,,,,,,
414719110,88830,,,,,,,100196,,90738,,,,,,,,,,,,,,,
414724210,38845,43950,54974,48328,47350,67120,51540,41912,,41298,48564,67455,,,,,42621,,,,,,,,
414724610,49304,50149,76775,,,71199,,51497,,43210,54381,,,,,,50638,,,,,,,,
414729310,100624,,,,,,,,,99276,,,,,,,,,,,,,,,
414737210,68908,91543,,,,,,75343,,64922,,,,,,,77688,,,,,,,,
414761210,95652,,,,,,,,,,,,,,,,,,,,,,,,
620791610,26529,45775,,,,81320,,31982,,50198,91677,,,,,,79093,,,,,,,,
620799510,11999,26973,,21422,22874,20564,22352,13295,,13753,44161,,,,,,17712,,,,,,,,
621724210,72717,77194,,,,,,100132,,73383,,,,,,,,,,,,,,,
621737210,76202,,,,,,,,,,,,,,,,,,,,,,,,
621919110,87225,,,,,,,,,,,,,,,,,,,,,,,,
621924210,95903,,,,,,,,,,,,,,,,,,,,,,,,
621946110,69796,99703,,,,,,76080,,51959,,,,,,,89749,,,,,,,,
622019110,87773,,,,,,,,,,,,,,,,,,,,,,,,
622024210,36710,49676,,42513,77473,38873,70736,52322,,31253,43911,,,,,,35420,,,,,,,,
622029310,94220,,,,,,,,,89910,,,,,,,,,,,,,,,
622037210,82344,,,,,,,98497,,67159,,,,,,,72779,,,,,,,,
622061210,100090,,,,,,,,,74594,,,,,,,,,,,,,,,
622319110,97551,,,,,,,,,,,,,,,,,,,,,,,,
622324210,44293,,,,81730,76318,49771,54666,,49297,,,,,,,68624,,,,,,,,
622329310,99312,,,,,,,,,81522,,,,,,,,,,,,,,,
622337210,90639,,,,,,,,,90204,,,,,,,97913,,,,,,,,
622361210,76677,,,,,,,,,,,,,,,,,,,,,,,,
622399510,,,,,,,,,,90146,,,,,,,,,,,,,,,
627862510,82596,,,,,,,,,,,,,,,,,,,,,,,,
627862610,72329,,,,,,,,,46527,,,,,,,,,,,,,,,
628124510,11599,21069,46373,20836,21111,14227,14929,13023,,13328,32499,,,,21320,,15093,,,,,,,,
628137210,28995,54068,,46201,29362,33839,53257,29715,,30509,42654,,,,,,31895,,,,,,,,
628161210,71079,,,,,,,,,87595,,,,,,,,,,,,,,,
628224510,7603,13758,73131,17701,15037,10320,10919,8541,,9812,21662,74958,,,,,10510,,,,,,,,
628224610,8355,15576,80800,,,,,8603,,10215,32362,,,,,,11091,,,,,,,,
628229310,33590,62352,,98400,,48047,,41604,,44660,48276,,,,,,55021,,,,,,,,
628237210,17641,31378,,28829,38310,24534,39550,17823,,18233,32461,,,,,,21414,,,,,,,,
628246610,,,,,,,,,,55995,,,,,,,,,,,,,,,
628299510,11942,24223,,26920,20029,22621,19682,13726,,16704,36356,,,,,,19136,,,,,,,,
628419110,56535,64322,,,,,,,,56715,,,,,,,,,,,,,,,
628424510,13709,26201,,,,,,14052,,14590,40929,,,,,,21639,,,,,,,,
628424610,16364,27730,,,,,,17649,,15919,42141,,,,,,23046,,,,,,,,
628429310,48818,76413,,80101,,84802,,67232,,68412,,,,,,,,,,,,,,,
628437210,27205,67941,,,,55659,,37642,,36517,46930,,,,,,44860,,,,,,,,
628461210,63356,,,,,92501,,,,88813,,,,,,,,,,,,,,,
628499510,26239,52705,,,,,,27946,,29973,73692,,,,,,51163,,,,,,,,
628524550F,,,,,,,,,,12940,25701,92747,,,12959,,13082,,,,,,,,
628524650F,,,,,,,,,,14749,26525,,,,24839,,16595,,,,,,,,
628537250F,,,,,,,,,,30339,56092,,,36734,36397,,39314,,,,,,,,
628819110,91619,,,,,,,,,,,,,,,,,,,,,,,,
628824210,25479,45350,,,,47117,,34766,,38492,63159,,,,,,50821,,,,,,,,
628837210,59861,,,,,70902,,,,72485,,,,,,,,,,,,,,,
628861210,73334,,,,,,,,,,,,,,,,,,,,,,,,
628891110,53645,54318,,,,76774,,67006,,50691,67819,,,,,,,,,,,,,,
627424510,4073,11328,45305,,,,,4608,,4878,18177,,,,,,6502,,,,,,,,
627424610,5103,15405,60249,,,,,5178,,5976,22235,,,,,,7045,,,,,,,,
627429310,21004,44936,86989,,,,,24122,,22236,81481,,,,,,27588,,,,,,,,
627437210,12618,26516,,31596,19407,19373,27755,14272,,13093,47883,,,,,,14405,,,,,,,,
627461210,26026,68944,,51674,64921,45963,37632,35122,,94222,82648,,,,,,37694,,,,,,,,
627484310,61324,,,,,,,,,,,,,,,,,,,,,,,,
627499510,7963,24464,,,,,,8400,,10244,31976,,,,,,10698,,,,,,,,
627519110,93762,,,,,,,,,98817,,,,,,,,,,,,,,,
627524510,29810,42940,,51829,,29831,,37557,,30977,49963,,,,,,43367,,,,,,,,
627524610,34898,48936,,,,,,43269,,34730,65668,,,,,,54409,,,,,,,,
627529310,74230,,,,,89946,,,,70633,,,,,,,,,,,,,,,
627537210,48492,89428,,,,57972,,59027,,37658,74817,,,,,,77632,,,,,,,,
627561210,84309,,,,,,,,,96378,,,,,,,,,,,,,,,
627719110,,,,,,,,,,90854,,,,,,,,,,,,,,,
627724510,30332,54556,,,,,,65276,,42360,,,,,,,78998,,,,,,,,
627724610,57855,61030,,,,,,69151,,58056,,,,,,,,,,,,,,,
627737210,93467,,,,,,,,,64667,,,,,,,,,,,,,,,
627819110,38710,69277,60305,80005,57327,40505,67647,50701,,38421,,,,,,,54156,,,,,,,,
627824510,6451,15027,57352,11733,14631,9543,10777,7054,,6456,16220,,,,,,8986,,,,,,,,
627829310,24946,36843,92765,,,42210,,29213,,29838,44401,,,,,,38955,,,,,,,,
627837210,13853,27098,,,,,,14752,,14922,38803,,,,,,17618,,,,,,,,
627850710,31295,49476,,,,59307,,41216,,43374,50940,,,,,,54028,,,,,,,,
627861210,40308,80288,,,,53777,93451,46576,,45152,93822,,,,,,92981,,,,,,,,
626924210,50403,77870,,,,51219,,73927,,66356,,,,,,,,,,,,,,,
626929310,73067,,,,,,,,,,,,,,,,,,,,,,,,
626937210,84808,,,,,,,,,48596,,,,,,,,,,,,,,,
626950710,92591,,,,,,,,,,,,,,,,,,,,,,,,
626961210,95154,,,,,,,,,,,,,,,,,,,,,,,,
626990010,68496,,,,,,,,,,,,,,,,,,,,,,,,
626992510,39323,60483,,,,61896,,59445,,47055,49959,,,,,,,,,,,,,,
627019110,,,,,,,,,,91393,,,,,,,,,,,,,,,
627024210,43119,83002,,,,51195,,73683,,39727,71601,,,,,,,,,,,,,,
627037210,57251,,,,,,,,,100121,,,,,,,,,,,,,,,
627061210,93026,,,,,,,,,,,,,,,,,,,,,,,,
627124510,461,3208,13372,2079,2032,881,1308,649,,475,4615,18313,5220,,2503,,771,,,,,,,,
627124610,683,4504,15334,2608,2209,1612,1462,823,,688,5892,18529,,,,,1410,,,,,,,,
627137210,1917,7893,27593,5415,3812,4929,2738,2700,,2644,10353,23602,13683,,4344,,4088,,,,,,,,
627219110,37323,53676,85730,67011,93648,43900,78681,43655,,41584,76870,,,,,,98885,,,,,,,,
627221910,14777,21562,,,,,,26709,,19665,56033,,,,,,57374,,,,,,,,
627224510,5085,11898,35436,12622,12461,10365,9906,5282,,5570,14214,58009,,,,,7052,,,,,,,,
627224610,6745,13906,37936,18514,14055,11149,14126,6964,,7385,20327,89711,,,,,8330,,,,,,,,
627237210,11966,25357,100569,27375,27572,15680,14296,12828,,12646,23134,,,,,,17285,,,,,,,,
627246610,58125,,,,,,,97110,,48390,,,,,,,,,,,,,,,
627261210,32569,41153,,,52461,83331,75885,36631,,60155,95137,,,,,,87047,,,,,,,,
627299510,9360,20004,45591,25816,17633,17021,24611,10704,,12908,30106,,,,,,14823,,,,,,,,
618424510,29381,44138,,,,43772,,30270,,37608,52816,,,,,,47623,,,,,,,,
618424610,36471,56840,,,,54733,,41449,,42024,75894,,,,,,45480,,,,,,,,
618429310,79838,,,,,,,,,,,,,,,,,,,,,,,,
618437210,64033,98987,,,,77586,,67899,,77980,,,,,,,84269,,,,,,,,
618524510,20378,31064,,33976,37461,31421,34415,25573,,31000,41761,,,,49280,,34190,,,,,,,,
618524610,27268,33751,,,,38602,,28322,,32860,40009,,,,,,34518,,,,,,,,
618529310,99756,,,,,,,,,60288,,,,,,,,,,,,,,,
618537210,53044,71571,,,78341,69590,72586,61533,,62783,,,,,,,79553,,,,,,,,
618561210,71062,,,,,,,,,,,,,,,,,,,,,,,,
618719110,88363,,,,,,,,,,,,,,,,,,,,,,,,
618724510,21089,34503,,29705,35869,28023,34038,23483,,23426,32711,,,,47280,,23696,,,,,,,,
618724610,24635,31501,88941,,,35382,,25986,,24828,48789,,,,,,25068,,,,,,,,
618737210,42184,71844,,,69147,64671,56447,53649,,51622,,,,,,,51691,,,,,,,,
618761210,54906,,,,,,,,,,,,,,,,,,,,,,,,
620319110,90640,,,,,,,,,93196,,,,,,,,,,,,,,,
620324510,20650,23719,,35027,31221,33289,35000,21295,,17388,37387,,,,,,23203,,,,,,,,
620361210,95139,,,,,,,,,49493,,,,,,,,,,,,,,,
620362410,18277,85709,,,,,,57882,,55472,,,,,,,,,,,,,,,
620399510,26657,39505,,,,,,33380,,29247,,,,,,,,,,,,,,,
620624510,23994,34550,,40657,28850,25934,49364,26061,,22539,37957,,,,,,25663,,,,,,,,
620624610,22686,30667,,,,27760,,27838,,28767,37985,,,,,,28927,,,,,,,,
620637210,35079,57991,,,,,,42696,,45765,,,,,,,65570,,,,,,,,
620646610,84732,,,,,,,,,,,,,,,,,,,,,,,,
620719110,58426,74287,77550,59371,,73768,59135,63599,,53214,,,,,,,,,,,,,,,
620724510,6246,14868,54037,16954,12804,8477,6490,8214,,8119,25870,50697,27339,,14285,,9394,,,,,,,,
620724610,7968,15388,73481,,,,,8538,,9094,18852,,,,,,10985,,,,,,,,
620729310,20792,34471,73236,,,35128,,24872,,28569,99242,,,,,,38510,,,,,,,,
620737210,15155,28421,,24147,27186,24453,35830,17646,,20207,44523,,,,,,22517,,,,,,,,
620746610,61441,,,,,,,63273,,23498,,,,,,,37991,,,,,,,,
620761210,49996,64530,,82282,52383,80707,99668,56401,,67540,,,,,85824,,93060,,,,,,,,
616019110,100323,,,,,,,,,,,,,,,,,,,,,,,,
616024510,14979,26623,87826,,,,,15153,,19376,31034,,,,,,20179,,,,,,,,
616037210,44323,63995,,51446,95439,54494,54184,46966,,41731,52181,,,,,,46030,,,,,,,,
616061210,100343,,,,,,,,,85418,,,,,,,,,,,,,,,
617708210,18460,31531,93777,,,47322,,24291,,10299,33168,,,,,,26835,,,,,,,,
617719110,53389,66466,,58773,100247,61694,60996,72684,,43837,,,,,,,99115,,,,,,,,
617724510,8074,14359,37123,13392,17117,13013,14491,9126,,9048,25984,42562,,,,,10492,,,,,,,,
617724610,9859,19999,38624,14934,17797,15639,18425,10886,,11863,26338,57299,,,,,12698,,,,,,,,
617737210,22507,41573,,41543,32103,25910,33489,27202,,23955,46111,,53517,76472,36674,,26160,,,,,,,,
617750710,43985,45686,,,,65949,,49746,,32301,51513,,,,,,46205,,,,,,,,
617760610,15429,,,,,,,,,25864,,,,,,,,,,,,,,,
617761210,91239,99234,,93004,,,95385,96663,,82912,,,,,,,,,,,,,,,
617824510,13161,23990,95848,19934,17508,17689,19735,14885,,14343,30758,78232,46739,20460,21428,,16860,,,,,,,,
617824610,14392,26899,94321,25794,23198,18690,20594,15296,,17785,31084,,,,,,18638,,,,,,,,
617837210,33431,73039,,61395,39571,40659,60939,36258,,35333,65057,,,81500,41625,,41521,,,,,,,,
617861210,72969,,,,,,,,,93461,,,,,,,,,,,,,,,
617919110,95750,,,,,,,,,,,,,,,,,,,,,,,,
617924510,21061,28670,,35897,28938,24402,23495,22126,,22020,35874,,,,,,23110,,,,,,,,
617961210,80573,,,,,,,,,,,,,,,,,,,,,,,,
618219110,96538,,,,,,,,,84352,,,,,,,,,,,,,,,
618224510,18762,27190,93676,31258,31536,20159,34586,19883,,16109,41768,,,,,,19832,,,,,,,,
618224610,20191,32600,,,,28130,,22258,,21673,35853,,,,,,23063,,,,,,,,
618237210,45952,85825,,85521,63687,52633,61123,50805,,50565,,,,,,,62458,,,,,,,,
618261210,,,,,,,,,,84362,,,,,,,,,,,,,,,
618324510,55041,,,,,,,,,59576,,,,,,,,,,,,,,,
618337210,64090,,,,,,,,,71575,,,,,,,,,,,,,,,
618419110,92623,,,,,,,,,,,,,,,,,,,,,,,,
680219110,48454,82091,81308,,,82936,,51851,,81398,,,,,,,91881,,,,,,,,
680224510,7142,14602,79844,23932,14797,14116,12843,9217,,9663,14276,87140,,,,,10644,,,,,,,,
680237210,17984,28889,,,,,,18073,,18189,34918,,,,,,19772,,,,,,,,
680250710,27646,39994,,,,75883,,43663,,38380,76270,,,,,,46881,,,,,,,,
680261210,48897,89819,,,51006,78660,67428,69824,,67347,,,,,,,92064,,,,,,,,
680299510,12192,27700,,32933,24515,15993,27379,13867,,18022,40748,,,,,,18657,,,,,,,,
680319110,58747,,,,,,,,,92467,,,,,,,,,,,,,,,
680324210,44649,70132,,,,,,,,68978,71212,,,,,,,,,,,,,,
680329310,49424,,,,,,,,,,,,,,,,,,,,,,,,
680337210,74872,,,,,,,,,75424,,,,,,,,,,,,,,,
680361210,80687,,,,,,,,,,,,,,,,,,,,,,,,
680824510,38493,57514,,54618,69338,42942,47299,43649,,41757,76506,,,,,,52559,,,,,,,,
680837210,65797,,,,,,,79280,,69656,,,,,,,87123,,,,,,,,
680861210,87402,,,,,,,,,77621,,,,,,,,,,,,,,,
681524510,34803,35365,,,,,,36873,,43258,,,,,,,59684,,,,,,,,
682219110,37841,57118,,,,,,56469,,76681,77285,,,,,,74159,,,,,,,,
682224510,5465,13092,46895,15067,13126,8681,9473,5491,,5196,20302,,,,,,6612,,,,,,,,
682237210,11293,19276,,,,,,11477,,11935,36869,,,,,,13448,,,,,,,,
682261210,26553,50184,,,,29630,,29753,,49042,64344,,,,,,79492,,,,,,,,
683424510,26857,34987,,34383,30962,31673,45715,30215,,31103,59530,,,,,,32253,,,,,,,,
683426310,19398,41432,,,,,,27121,,36582,85295,,,,,,53830,,,,,,,,
683919110,87631,,,,,,,98464,,54588,,,,,,,,,,,,,,,
683924210,38605,80799,,82823,72690,45538,59337,47913,,45460,87818,,,,,,54926,,,,,,,,
683929310,80848,,,,,93199,,,,,,,,,,,,,,,,,,,
683991210,41842,74452,,,,72175,,74110,,82170,99996,,,,,,,,,,,,,,
690119110,69663,,,,,,,,,,,,,,,,,,,,,,,,
690124210,57135,79237,,,,63672,,78690,,51113,,,,,,,,,,,,,,,
690137210,92801,,,,,,,,,,,,,,,,,,,,,,,,
678024210,46676,80567,,72278,52045,68697,84155,60412,,49283,98531,,,,,,81184,,,,,,,,
678029310,83633,,,,,,,94345,,99352,,,,,,,,,,,,,,,
678119110,94452,,,,,,,,,,,,,,,,,,,,,,,,
678124210,63415,,,,,,,65189,,53350,86070,,,,,,77026,,,,,,,,
678137210,87234,,,,,,,,,83048,,,,,,,,,,,,,,,
678161210,98694,,,,,,,,,62452,,,,,,,,,,,,,,,
678219110,75438,,,,,,,,,,,,,,,,,,,,,,,,
678224210,97620,,,,,,,,,87482,98607,,,,,,,,,,,,,,
678619110,91873,,,,,,,,,,,,,,,,,,,,,,,,
678624510,20409,32738,,,,,,22551,,26534,57511,,,,,,28300,,,,,,,,
678637210,51863,65390,,,,74488,,69566,,59178,,,,,,,83956,,,,,,,,
678660210,54742,56434,92149,,,67193,,87542,,62868,77681,,,,,,,,,,,,,,
679419110,85177,,,,,,,,,,,,,,,,,,,,,,,,
679424510,33527,38373,,,,34173,,34347,,34420,,,,,,,36528,,,,,,,,
679424610,38556,50353,,,,54137,,38744,,36811,92470,,,,,,44049,,,,,,,,
679437210,64245,,,,,,,69035,,61436,,,,,,,64944,,,,,,,,
679461210,59395,,,,,,,,,,,,,,,,,,,,,,,,
679499510,25192,34077,,,,,,31818,,36706,,,,,,,,,,,,,,,
679524510,46820,68198,,,,71010,,63471,,37318,,,,,,,57548,,,,,,,,
679619110,43203,,,,,,,74291,,94324,,,,,,,,,,,,,,,
679624510,2225,12342,56636,,,9837,,2870,,5990,17945,,,,,,11940,,,,,,,,
679637210,17654,29985,,,,26421,,19009,,15796,69137,,,,,,25075,,,,,,,,
679661210,29245,74843,,,,,,59546,,33624,,,,,,,,,,,,,,,
679724210,71189,73845,,,,,,,,,,,,,,,,,,,,,,,
679737210,100268,,,,,,,,,,,,,,,,,,,,,,,,
690161210,100018,,,,,,,,,,,,,,,,,,,,,,,,
693824250F,,,,,,,,,,93058,,,,,,,,,,,,,,,
693829350F,,,,,,,,,,92810,,,,,,,,,,,,,,,
693837250F,,,,,,,,,,87518,,,,,,,,,,,,,,,
693892550F,,,,,,,,,,62379,,,,,,,,,,,,,,,
629324210,71486,71719,,,,,,,,55024,,,,,,,,,,,,,,,
629337210,,,,,,,,,,95386,,,,,,,,,,,,,,,
629361210,42818,,,,,,,,,,,,,,,,,,,,,,,,
629819110,88317,100191,,,,,,,,100542,,,,,,,,,,,,,,,
629821910,53853,92301,,,,97098,,74860,,77465,,,,,,,82144,,,,,,,,
629824510,22706,30094,95786,37538,27940,24529,41274,24674,,25269,46976,,,,,,27849,,,,,,,,
629824610,27713,35373,67791,44976,35421,34594,52606,28084,,28005,47833,,,,,,33032,,,,,,,,
629829310,57079,92048,100047,80751,84282,92534,,93852,,85334,90302,,,,,,91746,,,,,,,,
629837210,38545,59169,,,,55854,,46072,,45219,71702,,,,,,45806,,,,,,,,
629861210,96758,,,,,,,,,92688,,,,,,,,,,,,,,,
629899510,29707,39474,,,,51955,,31429,,33913,58363,,,,,,35982,,,,,,,,
630324210,51942,85351,,,,69835,,60296,,61901,76849,,,,,,,,,,,,,,
630337210,98723,,,,,,,,,,,,,,,,,,,,,,,,
630361210,85619,,,,,,,,,,,,,,,,,,,,,,,,
630424210,73451,,,,,86595,,,,81364,84653,,,,,,,,,,,,,,
630461210,32753,,,,,,,,,,,,,,,,,,,,,,,,
630524610,47723,66566,,,,,,82312,,,,,,,,,,,,,,,,,
630719110,85724,,,,,,,,,,,,,,,,,,,,,,,,
630724510,23497,31557,,41179,,44408,,24731,,19226,36774,,,,,,26787,,,,,,,,
630724610,29698,32533,,,,,,31960,,27037,,,,,,,36408,,,,,,,,
630737210,46660,53903,,,,,,55924,,56416,96502,,,,,,81820,,,,,,,,
630760210,69264,,,,,,,100372,,67458,,,,,,,,,,,,,,,
630761210,58832,,,,,,,,,,,,,,,,,,,,,,,,
630819110,54293,,,,,,,,,,,,,,,,,,,,,,,,
630824510,64127,,,,,85257,,70333,,61022,,,,,,,92193,,,,,,,,
675892110,87982,,,,,,,,,31451,,,,,,,,,,,,,,,
675899510,73338,90433,,,,,,,,60981,,,,,,,,,,,,,,,
675919110,77531,,,,,,,,,,,,,,,,,,,,,,,,
675924510,41115,56912,,,,59775,,49086,,55357,60576,,,,,,58841,,,,,,,,
675929310,68636,,,,,,,,,,,,,,,,,,,,,,,,
675999510,65887,,,,,,,80225,,60575,79319,,,,,,65581,,,,,,,,
676224210,76016,,,,,,,83120,,71583,,,,,,,,,,,,,,,
676237210,78922,,,,,,,,,,,,,,,,,,,,,,,,
676261210,75022,,,,,,,,,,,,,,,,,,,,,,,,
676619110,74495,,,,,,,,,,,,,,,,,,,,,,,,
676624510,73435,89762,,,,88226,,89343,,50787,,,,,,,,,,,,,,,
676661210,77428,,,,,,,,,,,,,,,,,,,,,,,,
676724510,49400,59038,,,,,,54504,,59363,64766,,,,,,69579,,,,,,,,
676799510,85797,,,,,,,,,70724,,,,,,,,,,,,,,,
676824510,43684,53651,,,,61762,,45922,,62872,81325,,,,,,65820,,,,,,,,
676861210,68996,,,,,,,,,,,,,,,,,,,,,,,,
676919110,,,,,,,,,,55302,,,,,,,,,,,,,,,
676924510,26362,41965,,44625,39258,32019,49878,27603,,25400,35548,,,,,,31172,,,,,,,,
676924610,29275,39725,,,,36343,,30268,,29811,53826,,,,,,32233,,,,,,,,
676937210,51123,70247,,,,62654,,58178,,56117,,,,,,,61432,,,,,,,,
677024510,30887,44710,85002,50764,51696,31885,51773,34551,,26407,59743,,,,,,34409,,,,,,,,
677024610,33039,44831,,,,38943,,36776,,36680,52283,,,,,,43247,,,,,,,,
677061210,70788,,,,,,,,,,,,,,,,,,,,,,,,
677224510,19805,29822,,26002,36224,25447,34741,20285,,20859,32432,,,,,,24144,,,,,,,,
677224610,23273,36007,,,,32215,,23743,,27458,50075,,,,,,29815,,,,,,,,
677229310,80213,94599,,,,95479,,88660,,86269,,,,,,,,,,,,,,,
677237210,39454,63847,,,,77439,,39903,,43974,,,,,,,46333,,,,,,,,
677261210,39576,,,,,,,,,,,,,,,,,,,,,,,,
678019110,99889,,,,,,,,,,,,,,,,,,,,,,,,
632419110,88744,,,,,,,,,97898,,,,,,,,,,,,,,,
632424510,50830,87036,,,,95408,,61585,,41353,,,,,,,64813,,,,,,,,
632437210,72286,,,,,,,,,87095,,,,,,,,,,,,,,,
632461210,75208,,,,,,,,,,,,,,,,,,,,,,,,
632519110,77077,,,,,,,,,,,,,,,,,,,,,,,,
632524510,40816,,,,,,,,,44350,,,,,,,,,,,,,,,
632529310,95017,,,,,,,,,,,,,,,,,,,,,,,,
632537210,70406,,,,,,,,,57644,,,,,,,,,,,,,,,
632592110,64017,,,,,,,,,98512,,,,,,,,,,,,,,,
632619110,44928,,,,,,,,,42535,,,,,,,,,,,,,,,
632624210,72640,74846,,,,86966,,80431,,46686,92845,,,,,,54362,,,,,,,,
632637210,99839,,,,,,,100104,,91297,,,,,,,,,,,,,,,
632661210,89232,,,,,,,,,99882,,,,,,,,,,,,,,,
641924210,27617,32159,40457,61368,45923,38342,67718,30733,,31948,33189,,,,,,36643,,,,,,,,
641937010,60564,78152,,,,95802,,84405,,71381,,,,,,,,,,,,,,,
641991310,35329,50076,52543,,,,,35458,,48401,83895,,,,,,51199,,,,,,,,
646619110,59949,,,,,,,,,,,,,,,,,,,,,,,,
646624210,89970,,,,,,,,,,,,,,,,,,,,,,,,
654519110,93396,,,,,,,,,,,,,,,,,,,,,,,,
654524210,95553,,,,,,,,,94157,,,,,,,,,,,,,,,
654529310,82240,,,,,,,,,100278,,,,,,,,,,,,,,,
654537210,82576,,,,,,,,,,,,,,,,,,,,,,,,
660924510,54200,65403,,,,,,58414,,50326,74162,,,,,,99041,,,,,,,,
660926310,58383,76160,,,,,,73138,,69081,,,,,,,85894,,,,,,,,
660937210,97413,,,,,,,,,,,,,,,,,,,,,,,,
660961210,96054,,,,,,,,,,,,,,,,,,,,,,,,
662224510,18588,,,,,,,,,18451,,,,,,,,,,,,,,,
662237210,28416,,,,,,,,,33136,,,,,,,,,,,,,,,
664461210,,,,,,,,,,49421,,,,,,,,,,,,,,,
664919110,,,,,,,,,,94799,,,,,,,,,,,,,,,
664924510,23859,31641,,,,,,24461,,22378,33579,,,,,,26268,,,,,,,,
664929310,92535,,,,,,,,,83657,,,,,,,,,,,,,,,
664937210,51373,63910,,,,72315,,54932,,55948,,,,,,,65661,,,,,,,,
664961210,82377,,,,,,,,,,,,,,,,,,,,,,,,
673219110,91037,,,,,,,,,72154,,,,,,,,,,,,,,,
673224510,20377,28471,65630,21607,22704,27292,39243,22454,,15035,37104,,,,,,22651,,,,,,,,
673237210,46727,49936,,,,60089,,47895,,57663,74610,,,,,,64096,,,,,,,,
673261210,76825,,,,,,,,,88483,,,,,,,,,,,,,,,
673299510,30328,43882,,61548,75936,50039,54402,35208,,37356,49486,,,,,,50834,,,,,,,,
675424510,4527,11106,34613,9983,13622,7774,5700,5030,,6897,17568,49211,,,,,8655,,,,,,,,
675424610,7205,11153,52899,20905,22240,13492,11622,7837,,9239,19303,,,,,,10551,,,,,,,,
675437210,11463,16996,,,,,,12980,,14422,26563,,,,,,16829,,,,,,,,
675519110,73943,,,,,,,,,90110,,,,,,,,,,,,,,,
675524510,16518,24776,80690,,,,,16971,,18444,23478,,,,,,20042,,,,,,,,
675537210,39077,61205,,,,50704,,42851,,37406,90475,,,,,,51462,,,,,,,,
675561210,92011,,,,,,,,,,,,,,,,,,,,,,,,
675624210,69445,87758,,,,89196,,87015,,74271,,,,,,,,,,,,,,,
675626310,93634,,,,,,,,,,,,,,,,,,,,,,,,
675629310,43675,,,,,,,,,,,,,,,,,,,,,,,,
675661210,99116,,,,,,,,,,,,,,,,,,,,,,,,
675724210,88342,,,,,,,93284,,56862,,,,,,,,,,,,,,,
675737210,69410,,,,,,,,,,,,,,,,,,,,,,,,
675824510,39824,45605,,,,,,39961,,52841,,,,,,,53449,,,,,,,,
675837210,63110,,,,,,,,,61598,,,,,,,,,,,,,,,
662261210,66178,,,,,,,,,90364,,,,,,,,,,,,,,,
662292110,33862,,,,,,,,,36260,,,,,,,,,,,,,,,
662299510,25028,,,,,,,,,31177,,,,,,,,,,,,,,,
662524510,31370,,,,,,,46535,,,,,,,,,,,,,,,,,
662529310,90053,,,,,,,,,,,,,,,,,,,,,,,,
662824510,59136,80404,,,,70820,,63239,,52921,65397,,,,,,71619,,,,,,,,
663219110,61040,,,,,,,,,91161,,,,,,,,,,,,,,,
663224510,43700,70518,,,,52084,,52489,,51730,66078,,,,,,59441,,,,,,,,
663229310,87870,89849,,,,,,,,,,,,,,,,,,,,,,,
663237210,62715,,,,,,,,,61918,,,,,,,,,,,,,,,
663261210,100075,,,,,,,,,72747,,,,,,,,,,,,,,,
663292110,57721,63313,,,,62224,,83051,,82254,,,,,,,97170,,,,,,,,
663419110,76974,,,,,,,,,,,,,,,,,,,,,,,,
663424510,22212,35500,,45757,,38349,,29219,,29420,34935,,,,,,55509,,,,,,,,
663424610,36226,57513,,74364,,55753,,38207,,42154,95975,,,,,,50981,,,,,,,,
663437210,76733,,,,,,,92461,,84046,,,,,,,84751,,,,,,,,
663461210,69593,,,,,,,,,,,,,,,,,,,,,,,,
663519110,59144,,,,,,,,,,,,,,,,,,,,,,,,
663524510,47495,54149,,,,91967,,77763,,36587,78057,,,,,,52121,,,,,,,,
663537210,98419,,,,,,,,,80451,,,,,,,,,,,,,,,
664019110,97295,,,,,,,,,84916,,,,,,,,,,,,,,,
664024210,39743,49185,,,,60667,,56029,,44069,,,,,,,59613,,,,,,,,
664029310,79007,,,,,,,,,87090,,,,,,,,,,,,,,,
664037210,75509,,,,,83707,,82678,,83295,,,,,,,,,,,,,,,
664061210,99731,,,,,,,,,85752,,,,,,,,,,,,,,,
664319110,96795,,,,,97561,,,,93274,,,,,,,,,,,,,,,
664324210,36731,50341,,76598,,48664,,60719,,28760,42819,,,,,,70335,,,,,,,,
664329310,73577,,,,,74010,,97421,,69195,,,,,,,,,,,,,,,
664337210,61889,93664,,,,83166,,76730,,59064,100472,,,,,,75010,,,,,,,,
664361210,89897,,,,,100165,,,,88789,,,,,,,,,,,,,,,
664424510,91575,94997,,,,,,,,,,,,,,,,,,,,,,,
630837210,100083,,,,,,,,,,,,,,,,,,,,,,,,
630861210,95470,,,,,,,,,,,,,,,,,,,,,,,,
631024510,16523,37709,,33195,29635,29419,33186,18071,,17112,48766,,,,,,25287,,,,,,,,
631024610,18959,41008,,,,,,19289,,24448,50135,,,,,,30264,,,,,,,,
631037210,39280,52148,,,,,,43048,,45497,72591,,,,,,48623,,,,,,,,
631061210,,,,,,,,,,99593,,,,,,,,,,,,,,,
631124510,21127,31524,,39859,35596,24051,32165,23052,,29453,39312,,,,,,30698,,,,,,,,
631124610,25377,38311,,,,28812,,26052,,28129,42319,,,,,,30907,,,,,,,,
631129310,93503,,,,,,,98639,,96543,,,,,,,,,,,,,,,
631137210,49398,52629,,,,55392,,53323,,54440,77311,,,,,,58516,,,,,,,,
631161210,92713,,,,,,,,,,,,,,,,,,,,,,,,
631324510,50860,52061,,,,,,72128,,64045,,,,,,,,,,,,,,,
631356710,67928,,,,,,,,,64841,,,,,,,,,,,,,,,
631519110,,,,,,,,,,98709,,,,,,,,,,,,,,,
631524210,95718,,,,,,,,,79320,,,,,,,,,,,,,,,
631824210,89805,,,,,,,,,68462,,,,,,,77721,,,,,,,,
631919110,97602,,,,,,,,,,,,,,,,,,,,,,,,
631924510,50723,92310,,74191,91203,75941,72756,77218,,46315,87855,,,,,,82811,,,,,,,,
631929310,94404,,,,,,,,,,,,,,,,,,,,,,,,
631937210,88400,,,,,,,,,94558,,,,,,,,,,,,,,,
631961210,79255,,,,,,,,,,,,,,,,,,,,,,,,
632024510,40208,56560,,48273,60604,56928,56717,51144,,51044,63285,,,,,,56427,,,,,,,,
632029310,,,,,,,,,,98457,,,,,,,,,,,,,,,
632037210,79539,,,,,,,,,72977,,,,,,,78429,,,,,,,,
632061210,99295,,,,,,,,,,,,,,,,,,,,,,,,
632124210,98754,,,,,,,,,97042,,,,,,,,,,,,,,,
632224510,51296,60444,,,,,,65320,,71352,,,,,,,87735,,,,,,,,
632237210,67505,,,,,,,,,87383,,,,,,,,,,,,,,,
