315424610,,,,,,,,,,,,,,,,,,,43463,22143,,,,,39676
315460210,,,,,,,,,,,,,,,,,,,,,,,,,93471
315461210,,,,,,,,,,,,,,,,,,,,,,,,,82903
315491110,,,,,,,,,,,,,,,,,,,70995,32374,,,,,52376
315491210,,,,,,,,,,,,,,,,,,,52613,34117,,,,,58669
317519110,,,,,,,,,,,,,,,,,,,,,,,,,37559
317524510,,,,,,,,,,,,,,,,,,,64704,18785,,,,,35639
317524610,,,,,,,,,,,,,,,,,,,77201,22642,,,,,42539
317529310,,,,,,,,,,,,,,,,,,,,,,,,,86767
317537210,,,,,,,,,,,,,,,,,,,65210,,,,,,62909
317546110,,,,,,,,,,,,,,,,,,,42226,,,,,,55703
317550710,,,,,,,,,,,,,,,,,,,35811,,,,,,87103
317619110,25316,,,,,,,,64570,33880,,,,,,,,,,14148,,,,,
317624510,6848,,,,,,,,15129,9455,,,,,,,,,,4430,,,,,
317624610,8345,,,,,,,,19822,10436,,,,,,,,,,5319,,,,,
317625310,14902,,,,,,,,70944,13818,,,,,,,,,,13221,,,,,
317625910,33921,,,,,,,,86600,68171,,,,,,,,,,44453,,,,,
317637210,19156,,,,,,,,87531,22910,,,,,,,,,,13874,,,,,
317661210,18255,,,,,,,,97208,47238,,,,,,,,,,22226,,,,,
317690010,13442,,,,,,,,81515,19917,,,,,,,,,,15581,,,,,
317691010,11310,,,,,,,,37768,10568,,,,,,,,,,8789,,,,,
317692110,10033,,,,,,,,32820,13496,,,,,,,,,,9159,,,,,
317699510,9703,,,,,,,,25785,11978,,,,,,,,,,7571,,,,,
318224510,,,,,,,,,78667,,,,,,,,,,,2645,,,,,
318224610,,,,,,,,,100539,,,,,,,,,,,3379,,,,,
318237210,,,,,,,,,,,,,,,,,,,,6557,,,,,
318250710,,,,,,,,,9958,,,,,,,,,,,7335,,,,,
318299510,,,,,,,,,81994,,,,,,,,,,,5785,,,,,
318319110,,,,,,,,,94844,,,,,,,,,,,40860,,,,,
318324510,,,,,,,,,23519,,,,,,,,,,,11253,,,,,
318324610,,,,,,,,,39398,,,,,,,,,,,14028,,,,,
318337210,,,,,,,,,99989,,,,,,,,,,,42764,,,,,
318360210,,,,,,,,,100641,,,,,,,,,,,,,,,,
318361210,,,,,,,,,99601,,,,,,,,,,,62253,,,,,
318391110,,,,,,,,,48570,,,,,,,,,,,25123,,,,,
318424510,,,,,,,,,21417,,,,,,,,,,,4706,,,,,
318461210,,,,,,,,,93756,,,,,,,,,,,24985,,,,,
319729310,,,,,,,,,43725,,,,,,,,,,,14413,,,,,
319737210,,,,,,,,,35422,,,,,,,,,,,12168,,,,,
319761210,,,,,,,,,93485,,,,,,,,,,,22336,,,,,
319824510,,,,,,,,,,,,,,,,,,,,30046,,,,,67268
319824610,,,,,,,,,,,,,,,,,,,,,,,,,95897
319837210,,,,,,,,,,,,,,,,,,,,,,,,,82459
319899510,,,,,,,,,,,,,,,,,,,,63781,,,,,95793
319924510,1238,,,,,,,,3594,2094,,,,,,,,,,984,,,,,
319924610,2141,,,,,,,,6087,2895,,,,,,,,,,1466,,,,,
319926310,2976,,,,,,,,11879,4374,,,,,,,,,,2793,,,,,
319937210,5540,,,,,,,,31860,7289,,,,,,,,,,4836,,,,,
319961210,8152,,,,,,,,96282,17698,,,,,,,,,,8405,,,,,
319991210,2499,,,,,,,,9778,3619,,,,,,,,,,2095,,,,,
319992010,3440,,,,,,,,15693,5127,,,,,,,,,,2906,,,,,
319992110,2506,,,,,,,,13104,4557,,,,,,,,,,2702,,,,,
320024610,,,,,,,,,,,,,,,,,,,,29942,,,,,39360
320029310,,,,,,,,,,,,,,,,,,,,50196,,,,,96540
320037210,,,,,,,,,,,,,,,,,,,,,,,,,66721
320050710,,,,,,,,,,,,,,,,,,,,,,,,,87749
320061210,,,,,,,,,,,,,,,,,,,,,,,,,99562
320091110,,,,,,,,,,,,,,,,,,,,15815,,,,,50067
320119110,,,,,,,,,96306,,,,,,,,,,,52523,,,,,
320124510,,,,,,,,,34285,,,,,,,,,,,9046,,,,,
320161210,,,,,,,,,82171,,,,,,,,,,,,,,,,
320190010,,,,,,,,,99851,,,,,,,,,,,39667,,,,,
320199510,,,,,,,,,59385,,,,,,,,,,,14841,,,,,
320224510,,,,,,,,,,,,,,,,,,,,45900,,,,,84517
320237210,,,,,,,,,,,,,,,,,,,,,,,,,75656
320261210,,,,,,,,,,,,,,,,,,,,,,,,,98300
320324510,,,,,,,,,,,,,,,,,,,69138,9659,,,58776,,24000
320324610,,,,,,,,,,,,,,,,,,,76097,10873,,,,,32944
320329310,,,,,,,,,,,,,,,,,,,,34139,,,,,86985
320337210,,,,,,,,,,,,,,,,,,,,30214,,,,,94753
320390010,,,,,,,,,,,,,,,,,,,,20476,,,,,72965
320424510,,,,,,,,,51650,,,,,,,,,,,6536,,,,,
320424610,,,,,,,,,91646,,,,,,,,,,,8589,,,,,
320429310,,,,,,,,,89561,,,,,,,,,,,,,,,,
320437210,,,,,,,,,98402,,,,,,,,,,,22634,,,,,
320461210,,,,,,,,,96509,,,,,,,,,,,40834,,,,,
320624510,,,,,,,,,,,,,,,,,,,,34226,,,,,69452
320691110,,,,,,,,,,,,,,,,,,,,44612,,,,,71500
320724510,13198,,,,,,,,96425,12024,,,,,,,,,,9252,,,,,
320724610,17061,,,,,,,,94538,16478,,,,,,,,,,14102,,,,,
320737210,38229,,,,,,,,26851,45881,,,,,,,,,,34843,,,,,
320760210,46995,,,,,,,,86750,34162,,,,,,,,,,,,,,,
320761210,66649,,,,,,,,92774,70278,,,,,,,,,,52408,,,,,
320790010,35730,,,,,,,,69945,49228,,,,,,,,,,34286,,,,,
320824510,,,,,,,,,49011,,,,,,,,,,,4964,,,,,
320824610,,,,,,,,,98943,,,,,,,,,,,7929,,,,,
320837210,,,,,,,,,39796,,,,,,,,,,,26046,,,,,
320861210,,,,,,,,,63586,,,,,,,,,,,,,,,,
320924510,4022,,,,,,,,19850,4381,,,,,,,,,,3105,,,,,
320924610,5321,,,,,,,,26036,6341,,,,,,,,,,3347,,,,,
320937210,11492,,,,,,,,90994,14546,,,,,,,,,,7512,,,,,
320999510,6468,,,,,,,,35752,9692,,,,,,,,,,5719,,,,,
321024510,,,,,,,,,81812,,,,,,,,,,,21456,,,,,
321024610,,,,,,,,,72691,,,,,,,,,,,21843,,,,,
321037210,,,,,,,,,78262,,,,,,,,,,,46950,,,,,
321124510,,,,,,,,,97090,,,,,,,,,,,7563,,,,,
321124610,,,,,,,,,,,,,,,,,,,,8870,,,,,
321137210,,,,,,,,,33683,,,,,,,,,,,30045,,,,,
321161210,,,,,,,,,67667,,,,,,,,,,,,,,,,
321190010,,,,,,,,,46058,,,,,,,,,,,34601,,,,,
321192010,,,,,,,,,79622,,,,,,,,,,,22796,,,,,
321192110,,,,,,,,,95719,,,,,,,,,,,16858,,,,,
321199510,,,,,,,,,67916,,,,,,,,,,,13098,,,,,
321424510,,,,,,,,,75323,,,,,,,,,,,6247,,,,,
321424610,,,,,,,,,94785,,,,,,,,,,,10402,,,,,
321437210,,,,,,,,,15262,,,,,,,,,,,23335,,,,,
321524510,358,3758,15765,3581,1096,1580,1189,938,,717,7373,24952,7245,4638,3271,,1696,9888,3662,323,45193,,,,
321537210,1646,9943,53965,5838,4896,6299,4507,3116,,3128,14184,52426,18205,7630,7321,,4913,56277,7844,2190,,23240,,,3913
321591110,590,5009,32482,4510,4900,2468,2156,1239,,808,11434,18057,,,,,2962,5782,3711,486,45211,7209,,,1454
321591210,728,5607,41793,5362,4954,3917,2214,1445,,982,8818,34237,,,,,2853,30860,4866,941,,9310,,,1595
319037610,,,,,,,,,,,,,,,,,,,,,,,,,86743
319061210,,,,,,,,,,,,,,,,,,,,,,,,,95984
319062410,,,,,,,,,,,,,,,,,,,,,,,,,92294
319224510,,,,,,,,,,,,,,,,,,,38566,15090,,,,,28695
319229310,,,,,,,,,,,,,,,,,,,,,,,,,99027
319291110,,,,,,,,,,,,,,,,,,,45817,31651,,,,,41520
319292010,,,,,,,,,,,,,,,,,,,45243,32739,,,,,64621
319324510,,,,,,,,,,,,,,,,,,,76229,27267,,,,,50901
319324610,,,,,,,,,,,,,,,,,,,31724,28561,,,,,52074
319337210,,,,,,,,,,,,,,,,,,,,,,,,,81595
319350710,,,,,,,,,,,,,,,,,,,,,,,,,61104
319361210,,,,,,,,,,,,,,,,,,,,,,,,,88713
319392110,,,,,,,,,,,,,,,,,,,,39622,,,,,96573
319419110,,,,,,,,,,,,,,,,,,,,25325,,,,,76063
319424510,,,,,,,,,,,,,,,,,,,24424,5996,,,,,24247
319424610,,,,,,,,,,,,,,,,,,,47714,8956,,,,,32267
319437210,,,,,,,,,,,,,,,,,,,,28527,,,,,81511
319461210,,,,,,,,,,,,,,,,,,,,54389,,,,,89202
319491210,,,,,,,,,,,,,,,,,,,,11638,,,,,53998
319499510,,,,,,,,,,,,,,,,,,,,16286,,,,,48635
319624510,,,,,,,,,54391,,,,,,,,,,,16218,,,,,
319629310,,,,,,,,,87069,,,,,,,,,,,,,,,,
319637210,,,,,,,,,80723,,,,,,,,,,,,,,,,
319691110,,,,,,,,,99982,,,,,,,,,,,21528,,,,,
319691210,,,,,,,,,94503,,,,,,,,,,,27035,,,,,
319692010,,,,,,,,,86863,,,,,,,,,,,29335,,,,,
319724510,,,,,,,,,70765,,,,,,,,,,,4597,,,,,
319724610,,,,,,,,,94607,,,,,,,,,,,6167,,,,,
318490010,,,,,,,,,83791,,,,,,,,,,,10930,,,,,
318499510,,,,,,,,,84320,,,,,,,,,,,7513,,,,,
318524510,,,,,,,,,64118,,,,,,,,,,,3049,,,,,
318524610,,,,,,,,,98991,,,,,,,,,,,4039,,,,,
318537210,,,,,,,,,,,,,,,,,,,,8965,,,,,
318537610,,,,,,,,,,,,,,,,,,,,14977,,,,,
318546610,,,,,,,,,,,,,,,,,,,,29654,,,,,
318599510,,,,,,,,,95066,,,,,,,,,,,5833,,,,,
318719110,,,,,,,,,,,,,,,,,,,,46075,,,,,83727
318724510,,,,,,,,,,,,,,,,,,,39112,12391,,79983,,,24010
318724610,,,,,,,,,,,,,,,,,,,60072,15398,,89400,,,29821
318737610,,,,,,,,,,,,,,,,,,,,,,,,,78270
318750710,,,,,,,,,,,,,,,,,,,,,,,,,79702
318761210,,,,,,,,,,,,,,,,,,,,,,,,,55546
318791810,,,,,,,,,,,,,,,,,,,,,,,,,42218
318799510,,,,,,,,,,,,,,,,,,,,25446,,,,,39836
318824510,,,,,,,,,,,,,,,,,,,63623,14450,,,,,31915
318824610,,,,,,,,,,,,,,,,,,,83917,21024,,,,,38883
318826310,,,,,,,,,,,,,,,,,,,,28491,,,,,45984
318924510,,,,,,,,,,,,,,,,,,,14773,8632,,,,,13573
318924610,,,,,,,,,,,,,,,,,,,25568,11739,,,,,18268
318937210,,,,,,,,,,,,,,,,,,,83398,26346,,,,,55039
318946610,,,,,,,,,,,,,,,,,,,,67137,,,,,92035
318950710,,,,,,,,,,,,,,,,,,,68279,12884,,,,,45592
318961210,,,,,,,,,,,,,,,,,,,,39770,,,,,81640
319019110,,,,,,,,,,,,,,,,,,,99304,51493,,,,,61142
319024510,,,,,,,,,,,,,,,,,,,25680,10775,,44887,,,21091
319024610,,,,,,,,,,,,,,,,,,,32026,12641,,,,,24252
319026310,,,,,,,,,,,,,,,,,,,51172,18385,,,,,31595
319037210,,,,,,,,,,,,,,,,,,,41828,33739,,,,,56294
304250410,,,,,,,,,,,,,,,,,,,,51960,,,,,67963
304262410,,,,,,,,,,,,,,,,,,,,58763,,,,,93273
304291810,,,,,,,,,,,,,,,,,,,,24081,,,,,98310
304299510,,,,,,,,,,,,,,,,,,,40062,20211,,,,,40616
313524510,,,,,,,,,,,,,,,,,,,25595,7783,,40142,,,14226
313524610,,,,,,,,,,,,,,,,,,,31606,8567,,,,,17820
313537210,,,,,,,,,,,,,,,,,,,,23731,,,,,53812
313561210,,,,,,,,,,,,,,,,,,,39389,36980,,,,,92862
313599510,,,,,,,,,,,,,,,,,,,43997,12078,,,,,29714
313924510,,,,,,,,,,,,,,,,,,,14363,4103,,19821,,,8022
313924610,,,,,,,,,,,,,,,,,,,24382,5783,,27947,,,9671
313937210,,,,,,,,,,,,,,,,,,,43458,14792,,,,,26161
313937610,,,,,,,,,,,,,,,,,,,50301,27013,,,,,73495
313946110,,,,,,,,,,,,,,,,,,,60868,15696,,,,,47552
314624510,,,,,,,,,,,,,,,,,,,80307,17805,,,,,30958
314624610,,,,,,,,,,,,,,,,,,,98426,24251,,,,,42020
314629310,,,,,,,,,,,,,,,,,,,,,,,,,96806
314637210,,,,,,,,,,,,,,,,,,,,,,,,,85349
314692010,,,,,,,,,,,,,,,,,,,,,,,,,74099
314699510,,,,,,,,,,,,,,,,,,,,,,,,,80140
314724510,,,,,,,,,,,,,,,,,,,,,,,,,58101
314824510,,,,,,,,,99182,,,,,,,,,,,12117,,,,,
314824610,,,,,,,,,88230,,,,,,,,,,,14527,,,,,
314825210,,,,,,,,,69284,,,,,,,,,,,26874,,,,,
314837210,,,,,,,,,63026,,,,,,,,,,,,,,,,
314899510,,,,,,,,,97890,,,,,,,,,,,14957,,,,,
315424510,,,,,,,,,,,,,,,,,,,15408,14327,,,,,26097
213429310,,,,,,,,,,,,,,,,,,,,,,,,,94465
213461210,,,,,,,,,,,,,,,,,,,,,,,,,88263
213484410,,,,,,,,,,,,,,,,,,,,63058,,,,,75292
213519110,,,,,,,,,,,,,,,,,,,,65488,,,,,96753
213524210,,,,,,,,,,,,,,,,,,,,47257,,,,,59342
213561210,,,,,,,,,,,,,,,,,,,,88031,,,,,88364
213619110,,,,,,,,,,,,,,,,,,,,,,,,,99284
213624510,,,,,,,,,,,,,,,,,,,,51380,,,,,75708
213624610,,,,,,,,,,,,,,,,,,,,,,,,,96419
213629310,,,,,,,,,,,,,,,,,,,,66067,,,,,96882
213653410,,,,,,,,,,,,,,,,,,,,,,,,,39666
213661210,,,,,,,,,,,,,,,,,,,,,,,,,97720
213719110,,,,,,,,,,,,,,,,,,,,,,,,,95502
213724210,,,,,,,,,,,,,,,,,,,,,,,,,100524
213729710,,,,,,,,,,,,,,,,,,,,,,,,,97839
213819110,,,,,,,,,,,,,,,,,,,,,,,,,99598
213824210,,,,,,,,,,,,,,,,,,,,54820,,,,,81233
213829310,,,,,,,,,,,,,,,,,,,,,,,,,89878
213861210,,,,,,,,,,,,,,,,,,,,,,,,,96175
214629710,,,,,,,,,,,,,,,,,,,,,,,,,97298
225024210,,,,,,,,,,,,,,,,,,,50086,,,,,,38219
225029310,,,,,,,,,,,,,,,,,,,,,,,,,77852
225037210,,,,,,,,,,,,,,,,,,,,,,,,,81519
225061210,,,,,,,,,,,,,,,,,,,,,,,,,40689
225224210,,,,,,,,,,,,,,,,,,,,34225,,,,,71540
225229710,,,,,,,,,,,,,,,,,,,,,,,,,73806
225261210,,,,,,,,,,,,,,,,,,,,,,,,,95395
225424510,,,,,,,,,,,,,,,,,,,,,,,,,63100
100219110,21750,32144,49581,30806,23850,23704,44825,25843,,22019,27275,57303,33671,68369,47003,,23336,62892,46444,16897,,71028,,,26147
100224210,4731,8734,32517,16689,9216,5013,10315,5452,,4280,13443,24468,13177,8590,15015,,5729,27025,11104,3541,42953,23851,,,5378
100224610,6919,15257,44970,22403,12800,10065,13598,7557,,7932,17620,38033,28406,17143,17062,,8290,62864,22103,5980,62924,24845,,,8743
100229310,18371,31678,42891,40873,34210,20292,58257,21196,,19487,23172,31032,62714,40853,32862,,22983,82209,38413,15892,,45518,,,24661
100237210,11873,22400,68170,23750,19500,14001,14878,13381,,11592,18592,65264,48989,18397,39233,,12636,,31468,8906,,,,,12824
100246610,35736,46114,,70900,83386,47051,,42004,,33732,41257,,,,,,38019,,,27830,,,,,41599
100261210,21324,33298,60169,33218,58862,27800,29310,23781,,34253,39159,66488,74971,38673,78112,,36518,,,17382,,,,,28658
100550310,,,,,,,,,,,,,,,,,,,,19231,,,,,73052
100551710,,,,,,,,,,,,,,,,,,,,27453,,,,,94151
100552710,,,,,,,,,,,,,,,,,,,,15845,,,,,50675
101219110,,,,,,,,,,,,,,,,,,,,29974,,,,,45368
101224510,,,,,,,,,,,,,,,,,,,39641,12286,,51995,,,19104
101229310,,,,,,,,,,,,,,,,,,,,43233,,,,,48295
101237210,,,,,,,,,,,,,,,,,,,,21526,,,,,37373
101261210,,,,,,,,,,,,,,,,,,,91200,32841,,,,,51340
110124210,,,,,,,,,,,,,,,,,,,70863,6435,,,,,15637
110124610,,,,,,,,,,,,,,,,,,,,12098,,,,,19237
110135610,,,,,,,,,,,,,,,,,,,,30604,,,,,81057
110137210,,,,,,,,,,,,,,,,,,,,18279,,,,,36949
110161210,,,,,,,,,,,,,,,,,,,,45155,,,,,93323
110519110,,,,,,,,,,,,,,,,,,,,50757,,,,,94409
110524210,,,,,,,,,,,,,,,,,,,78704,12509,,93540,,,33605
110524610,,,,,,,,,,,,,,,,,,,,21115,,,,,50880
110537210,,,,,,,,,,,,,,,,,,,,37098,,,,,84997
110561210,,,,,,,,,,,,,,,,,,,,,,,,,94164
110719110,,,,,,,,,,,,,,,,,,,,35520,,,,,100352
110724210,,,,,,,,,,,,,,,,,,,,20788,,,,,59600
110729310,,,,,,,,,,,,,,,,,,,,34678,,,,,97972
110737210,,,,,,,,,,,,,,,,,,,,45580,,,,,95114
110761210,,,,,,,,,,,,,,,,,,,,,,,,,95833
110799510,,,,,,,,,,,,,,,,,,,,30796,,,,,85650
111419110,,,,,,,,,,,,,,,,,,,,53549,,,,,72164
111424210,,,,,,,,,,,,,,,,,,,62240,19092,,,,,42161
111424610,,,,,,,,,,,,,,,,,,,,26912,,,,,53398
111437210,,,,,,,,,,,,,,,,,,,,41938,,,,,84256
225429310,,,,,,,,,,,,,,,,,,,,,,,,,79193
225437210,,,,,,,,,,,,,,,,,,,,,,,,,86091
250824510,,,,,,,,,,,,,,,,,,,,,,,,,54729
250829310,,,,,,,,,,,,,,,,,,,,,,,,,93775
250850310,,,,,,,,,,,,,,,,,,,,65952,,,,,99257
250891410,,,,,,,,,,,,,,,,,,,,,,,,,37547
251624210,,,,,,,,,,,,,,,,,,,,,,,,,62161
251629710,,,,,,,,,,,,,,,,,,,,,,,,,40115
252219110,,,,,,,,,,,,,,,,,,,,,,,,,91108
252224510,,,,,,,,,,,,,,,,,,,,,,,,,74348
253319110,,,,,,,,,,,,,,,,,,,,54323,,,,,88693
253324210,,,,,,,,,,,,,,,,,,,71706,19357,,,,,35291
253329310,,,,,,,,,,,,,,,,,,,,,,,,,68088
253361210,,,,,,,,,,,,,,,,,,,,,,,,,82191
253384410,,,,,,,,,,,,,,,,,,,,43437,,,,,60053
253399510,,,,,,,,,,,,,,,,,,,,31792,,,,,54496
301219110,4523,11735,28492,7927,4687,4705,4990,6326,,6946,17399,17079,20492,11916,12167,,8249,57032,13638,3290,,,,,5376
301224510,83,1965,9855,1021,138,746,427,317,,226,3470,11244,3385,1368,968,,650,2844,809,103,6388,2255,29585,,284
301224610,188,3034,14538,1300,971,859,521,457,,437,4175,7429,6628,3978,2318,,910,8899,2374,198,12819,2514,40143,,465
301229310,1464,8761,32008,7116,3924,3201,4168,2508,,3030,10489,20397,18414,8808,5905,,4058,43019,9684,1273,,13444,,,2873
301237210,538,5090,23352,3419,2124,1721,1922,1070,,986,6620,16819,9087,7019,3644,,2550,26694,2552,852,42943,5122,64052,,1103
301237610,1003,7669,44472,7994,2740,4112,5125,2102,,2044,11198,40463,11943,21582,5446,,3226,72362,4534,1510,,19677,,,1999
301261210,1538,9694,35251,7036,1946,4481,7288,3122,,3628,13952,30643,22732,20221,5070,,7831,99980,8420,1394,,9746,,,3218
301262610,5100,17271,71801,15600,8714,7157,24860,9172,,11467,24089,94294,40893,15375,24097,,13833,,42735,4722,,,,,8700
301289610,8766,27919,100440,21094,11904,9246,25337,11797,,13518,28239,55195,52801,14733,87967,,18928,,44200,8977,,,,,14005
301419110,7176,18913,38242,8952,13237,9362,10200,9375,,12439,20648,57900,52182,17769,28465,,16948,88507,21307,5551,,,,,7618
301429310,3947,13039,52993,11108,11131,7221,12013,5306,,5206,17951,45550,30732,29317,14317,,9989,,16038,4513,,20608,,,5165
301461210,3407,12251,40449,11642,5572,6988,13380,5060,,7960,18125,77097,38582,87955,22483,,14488,,23152,2461,,30220,,,6119
303319110,52560,71257,62204,,,58430,,90011,,86727,73587,88506,,,70186,,91338,,,32072,,,,,63487
303319113K,91065,,,,,,,,,,,,,,,,,,,,,,,,
303324510,16886,26278,69893,44053,29147,18859,19196,20778,,18572,32572,58136,,,25012,,20737,,28555,12196,,45390,,,15564
303324513K,23325,,,,,,,,,,,,,,,,,,,,,,,,
303324610,23562,30236,59272,50682,31955,32228,38651,26556,,26790,42099,,,,32017,,30747,48852,62374,19985,,63671,,,25213
303324613K,32376,,,,,,,,,,,,,,,,,,,,,,,,
303329310,63082,80137,,80665,89503,,,87416,,76057,84021,,,,,,89484,,,38361,,,,,80110
303329313K,75627,,,,,,,,,,,,,,,,,,,,,,,,
303337210,54289,67771,,,57409,71118,56241,69336,,49167,77602,,,71927,,,59581,,,34238,,,,,41283
303337213K,65286,,,,,,,,,,,,,,,,,,,,,,,,
303350710,54738,85491,,,61591,85661,55853,71414,,54398,81453,,,,,,92989,,,35936,,,,,58558
303350713K,62306,,,,,,,,,,,,,,,,,,,,,,,,
303352710,95516,,,,,,,,,95645,,,,,,,,,,,,,,,94504
303352713K,98208,,,,,,,,,,,,,,,,,,,,,,,,
303361210,65536,94378,93850,,,99840,81724,83160,,29442,95466,,,,,,92857,,,43750,,,,,91401
303361213K,66879,,,,,,,,,,,,,,,,,,,,,,,,
303524550F,,,,,,,,,,17150,36653,52853,41921,35767,38440,,26234,,49776,,,,,,25522
303524650F,,,,,,,,,,24562,56335,,65341,58058,51529,,33451,,,,,,,,34911
303525450F,,,,,,,,,,27541,71586,,98881,88842,82854,,47390,,,,,,,,47046
303537050F,,,,,,,,,,99809,,,,,,,,,,,,,,,83484
303591750F,,,,,,,,,,51068,79389,,,,,,88451,,,,,,,,80957
303650710,872,7285,27812,7015,3451,3873,4629,1620,,1461,9718,28115,,,7364,,3686,7941,5803,899,31661,18678,,,2030
303651110,4518,24278,,,,,,10835,,4198,24633,,,,,,10424,,42429,7271,,,,,10907
303651210,3745,13162,,,,,,8441,,3138,23775,,,,,,12952,,20467,7292,,,,,7881
303651310,2454,17233,72648,,,,,2919,,1900,11280,,,,,,11590,,6953,2400,,,,,5396
303651410,8077,24096,,13916,34170,8331,,12629,,7084,31096,,,,,,16552,,38904,7933,,,,,17675
303651910,1763,7202,,,,,,4466,,2998,27047,,,,,,13081,21904,16146,2165,,,,,4764
303653410,2155,10483,32337,,,,,3193,,1497,19161,,,,,,13078,,6272,1465,,,,,5865
303672910,3919,19282,81444,,,,,5001,,3856,30066,,,,,,14598,,18370,4268,,,,,7631
304229310,,,,,,,,,,,,,,,,,,,,41385,,,,,63871
212624210,,,,,,,,,,,,,,,,,,,93817,19800,,,,,34476
212626310,,,,,,,,,,,,,,,,,,,,26833,,,,,51568
212629310,,,,,,,,,,,,,,,,,,,,,,,,,73425
212661210,,,,,,,,,,,,,,,,,,,,,,,,,89577
212684410,,,,,,,,,,,,,,,,,,,,30779,,,,,71254
212719110,,,,,,,,,,,,,,,,,,,,53564,,,,,93689
212724210,,,,,,,,,,,,,,,,,,,,17914,,,,,28473
212724610,,,,,,,,,,,,,,,,,,,,23824,,,,,37191
212737210,,,,,,,,,,,,,,,,,,,,,,,,,46778
212761210,,,,,,,,,,,,,,,,,,,,,,,,,84488
212919110,,,,,,,,,,,,,,,,,,,,62150,,,,,91369
212924210,,,,,,,,,,,,,,,,,,,99995,21810,,,,,28663
212924610,,,,,,,,,,,,,,,,,,,,26537,,,,,39041
212929810,,,,,,,,,,,,,,,,,,,,,,,,,95628
212937610,,,,,,,,,,,,,,,,,,,,,,,,,79477
212961210,,,,,,,,,,,,,,,,,,,,,,,,,99441
213019110,,,,,,,,,,,,,,,,,,,,,,,,,95924
213024210,,,,,,,,,,,,,,,,,,,,27555,,,,,55375
213037210,,,,,,,,,,,,,,,,,,,,,,,,,97030
213061210,,,,,,,,,,,,,,,,,,,,,,,,,72351
213099510,,,,,,,,,,,,,,,,,,,,56450,,,,,96864
213124210,,,,,,,,,,,,,,,,,,,,,,,,,73511
213137210,,,,,,,,,,,,,,,,,,,,,,,,,92147
213161210,,,,,,,,,,,,,,,,,,,,,,,,,97961
213319110,,,,,,,,,,,,,,,,,,,,,,,,,100061
213324210,,,,,,,,,,,,,,,,,,,,41390,,,,,61056
213329310,,,,,,,,,,,,,,,,,,,,,,,,,90480
213337210,,,,,,,,,,,,,,,,,,,,,,,,,99140
213361210,,,,,,,,,,,,,,,,,,,,,,,,,96060
213419110,,,,,,,,,,,,,,,,,,,,,,,,,90607
213424210,,,,,,,,,,,,,,,,,,,,36161,,,,,50832
200819110,20941,35130,46893,21271,33063,22518,21151,24698,,22891,31456,44835,27763,49323,35004,,29940,62891,81472,14273,,,,,22173
200824210,3415,11481,40164,8051,7539,6828,5991,4140,,5403,14309,48575,11522,7680,13464,,6928,58993,10837,3285,,,,,4089
200824610,6265,15452,46376,16880,13203,6795,8316,6733,,7507,18103,32024,9779,23985,17529,,8776,78836,16676,5698,82199,19706,,,6184
200829310,18325,27682,61665,32986,23369,21747,32029,22509,,18871,38956,33567,42205,33620,33391,,22864,,50125,13562,,,,,20151
200837210,10168,26223,80353,22095,21242,10959,15801,11884,,11837,28774,63513,31336,32855,18877,,12552,,31038,7017,,51504,,,10543
200861210,15978,32278,76130,32122,25274,18239,17895,19536,,26080,38721,55891,43683,39184,55052,,33311,,41315,13507,,85348,,,19642
202019110,29431,40759,61115,37502,50942,43644,38227,35451,,28870,35432,33200,59295,,63588,,34322,,,13933,,,,,26090
202024210,7258,13796,49050,15087,10467,10760,10290,8303,,7926,19953,48838,21240,22550,9689,,9658,75729,26887,5501,,29647,,,
202024610,8778,17614,55904,16711,12957,11737,12312,9498,,9885,20031,55960,18411,,14858,,10377,,26329,6982,,40533,,,7867
202029310,18794,30020,92976,37865,27440,38254,,22978,,20330,26860,,,,,,24998,,42970,13990,,,,,18641
202037210,15376,23742,94351,34721,19661,21825,23316,16149,,15762,27276,,53943,34119,27882,,18194,,42555,10723,,69946,,,13852
202046610,24545,42365,,54577,56604,32962,43385,37200,,23684,34610,,,,,,33033,,,12829,,,,,22284
202050710,25154,42500,,57701,34979,36863,,29290,,21968,42464,,,,,,27968,,70677,18952,,,,,28955
202060610,54430,92305,,61610,59179,82821,,83792,,53833,71300,,94973,,,,69617,,,33909,,,,,41798
202061210,26190,45977,70351,38524,57205,36227,37693,33344,,30177,52453,74465,49633,,38649,,58784,,58115,17087,,,,,24835
202089610,55836,80831,,,,,,93626,,44469,73196,,,,,,61190,,,44040,,,,,59125
202150310,,,,,,,,,,,,,,,,,,,,25551,,,,,59203
202181610,,,,,,,,,,,,,,,,,,,,42026,,,,,62897
203290410,6880,18743,,22199,23067,14134,14583,10371,,9977,19189,47177,,,59232,,14382,,83512,,,,,,10480
211119110,,,,,,,,,69303,,,,,,,,,,,,,,,,
211124210,,,,,,,,,91103,,,,,,,,,,,41870,,,,,
211129310,,,,,,,,,84627,,,,,,,,,,,,,,,,
211219110,,,,,,,,,,,,,,,,,,,,,,,,,93418
211224210,,,,,,,,,,,,,,,,,,,,32333,,,,,49519
211229310,,,,,,,,,,,,,,,,,,,,,,,,,88844
211261210,,,,,,,,,,,,,,,,,,,,,,,,,100688
211284410,,,,,,,,,,,,,,,,,,,,59944,,,,,84122
211301110,38979,41782,,71667,,51912,,45284,,42058,59565,49826,,,,,88820,,68015,,,,,,58258
211319110,99617,,,,,,,,,95381,,,,,,,,,,45265,,,,,98654
211324210,24923,38589,89081,25266,30766,41508,30939,31685,,24011,39788,74658,,,25001,,31083,,42104,12188,,,,,23645
211329310,70266,99727,,100100,75733,85739,91973,100346,,73197,93553,,,,75158,,75204,,,,,,,,66366
211350110,100186,,,,,,,,,89651,,,,,,,,,67952,,,,,,98738
211361210,84771,96825,,,,,,,,66814,,,,,,,,,,,,,,,64307
211384410,60585,88229,,96411,66912,76964,69894,77399,,67914,83103,,,,,,99974,,,28444,,,,,52724
211399510,48075,63123,,50484,69834,75707,63146,57544,,38645,77669,,,,81422,,58741,,,26786,,,,,36278
211419110,,,,,,,,,,,,,,,,,,,,42053,,,,,78760
211424210,,,,,,,,,,,,,,,,,,,41700,10937,,,,,22946
211437210,,,,,,,,,,,,,,,,,,,,28044,,,,,47491
211461210,,,,,,,,,,,,,,,,,,,,,,,,,68413
211491110,,,,,,,,,,,,,,,,,,,82320,16863,,,,,29711
211619110,,,,,,,,,,,,,,,,,,,,,,,,,86700
211624210,,,,,,,,,,,,,,,,,,,,,,,,,69505
211629310,,,,,,,,,,,,,,,,,,,,,,,,,99792
211629710,,,,,,,,,,,,,,,,,,,,,,,,,97092
211661210,,,,,,,,,,,,,,,,,,,,,,,,,38120
212619110,,,,,,,,,,,,,,,,,,,,,,,,,95360
111461210,,,,,,,,,,,,,,,,,,,,65173,,,,,96854
111619110,,,,,,,,,,,,,,,,,,,,63863,,,,,91397
111624210,,,,,,,,,,,,,,,,,,,,30357,,,,,73166
111650710,,,,,,,,,,,,,,,,,,,,,,,,,99891
111719110,,,,,,,,,,,,,,,,,,,,,,,,,91007
111724210,,,,,,,,,,,,,,,,,,,,,,,,,61379
111761210,,,,,,,,,,,,,,,,,,,,,,,,,95396
111799510,,,,,,,,,,,,,,,,,,,,,,,,,93107
111924210,,,,,,,,,,,,,,,,,,,,34122,,,,,73940
111924610,,,,,,,,,,,,,,,,,,,,44829,,,,,96235
111961210,,,,,,,,,,,,,,,,,,,,,,,,,74009
112019110,,,,,,,,,,,,,,,,,,,,63411,,,,,
112024210,,,,,,,,,99998,,,,,,,,,,,26447,,,,,
112029310,,,,,,,,,,,,,,,,,,,,71992,,,,,
112037210,,,,,,,,,,,,,,,,,,,,42176,,,,,
112061210,,,,,,,,,,,,,,,,,,,,53577,,,,,
112124210,,,,,,,,,,,,,,,,,,,,28789,,,,,61661
112124610,,,,,,,,,,,,,,,,,,,,35403,,,,,82740
112137210,,,,,,,,,,,,,,,,,,,,51364,,,,,92804
112161210,,,,,,,,,,,,,,,,,,,,78501,,,,,99859
112319110,,,,,,,,,,,,,,,,,,,,,,,,,82190
112324210,,,,,,,,,,,,,,,,,,,,40411,,,,,89033
112337210,,,,,,,,,,,,,,,,,,,,74653,,,,,98580
112519110,,,,,,,,,,,,,,,,,,,,,,,,,87218
112524210,,,,,,,,,,,,,,,,,,,,,,,,,87736
112561210,,,,,,,,,,,,,,,,,,,,,,,,,72962
322491110,,,,,,,,,,,,,,,,,,,,,,,,,100434
335124510,,,,,,,,,,,,,,,,,,,,,,,,,97397
335191110,,,,,,,,,,,,,,,,,,,,,,,,,88185
335324510,,,,,,,,,,,,,,,,,,,,,,,,,99479
342319110,,,,,,,,,79895,,,,,,,,,,,,,,,,
342324510,,,,,,,,,35150,,,,,,,,,,,13298,,,,,
342324610,,,,,,,,,58047,,,,,,,,,,,17090,,,,,
342337210,,,,,,,,,97984,,,,,,,,,,,,,,,,
342361210,,,,,,,,,85681,,,,,,,,,,,,,,,,
342390010,,,,,,,,,96999,,,,,,,,,,,48225,,,,,
343624510,,,,,,,,,,,,,,,,,,,,40619,,,,,99219
343919110,,,,,,,,,99356,,,,,,,,,,,,,,,,
343924510,,,,,,,,,45320,,,,,,,,,,,16177,,,,,
343929310,,,,,,,,,96722,,,,,,,,,,,,,,,,
343961210,,,,,,,,,96006,,,,,,,,,,,,,,,,
343990010,,,,,,,,,99431,,,,,,,,,,,50049,,,,,
344024510,,,,,,,,,,,,,,,,,,,,,,,,,63558
344061210,,,,,,,,,,,,,,,,,,,,,,,,,67119
344519110,,,,,,,,,,,,,,,,,,,,,,,,,67759
344524510,,,,,,,,,,,,,,,,,,,,51528,,,,,91897
344537210,,,,,,,,,,,,,,,,,,,,,,,,,81354
344719110,,,,,,,,,,,,,,,,,,,,,,,,,77491
344724510,,,,,,,,,,,,,,,,,,,,,,,,,79226
346024510,,,,,,,,,95084,,,,,,,,,,,25538,,,,,
346024610,,,,,,,,,60926,,,,,,,,,,,31006,,,,,
346092110,,,,,,,,,30401,,,,,,,,,,,,,,,,
112629310,,,,,,,,,,,,,,,,,,,,,,,,,99175
112719110,,,,,,,,,,,,,,,,,,,,98266,,,,,
112724510,,,,,,,,,,,,,,,,,,,,49697,,,,,84671
112819110,,,,,,,,,,,,,,,,,,,,,,,,,37978
112824210,,,,,,,,,,,,,,,,,,,,23777,,,,,49578
112824610,,,,,,,,,,,,,,,,,,,,30175,,,,,76680
112837210,,,,,,,,,,,,,,,,,,,,,,,,,100462
113024210,,,,,,,,,,,,,,,,,,,,,,,,,90679
118024210,,,,,,,,,,,,,,,,,,,,,,,,,78638
118219110,,,,,,,,,,,,,,,,,,,,82958,,,,,61419
118224210,,,,,,,,,,,,,,,,,,,,45435,,,,,94024
118261210,,,,,,,,,,,,,,,,,,,,96426,,,,,
126519110,,,,,,,,,,,,,,,,,,,,,,,,,74415
126524210,,,,,,,,,,,,,,,,,,,,20675,,,,,76802
126537210,,,,,,,,,,,,,,,,,,,,,,,,,98493
126824210,,,,,,,,,,,,,,,,,,,,,,,,,77657
126835610,,,,,,,,,,,,,,,,,,,,,,,,,85846
126837210,,,,,,,,,,,,,,,,,,,,,,,,,43391
127619110,,,,,,,,,,,,,,,,,,,,,,,,,75497
321619110,,,,,,,,,,,,,,,,,,,,,,,,,91378
321624510,,,,,,,,,,,,,,,,,,,54886,22728,,,,,46926
321637210,,,,,,,,,,,,,,,,,,,,,,,,,91023
321650710,,,,,,,,,,,,,,,,,,,,,,,,,90112
321661210,,,,,,,,,,,,,,,,,,,,,,,,,9541
321724510,,,,,,,,,,,,,,,,,,,,31905,,,,,95560
321791610,,,,,,,,,,,,,,,,,,,,66946,,,,,
321824510,,,,,,,,,93421,,,,,,,,,,,14622,,,,,
321824610,,,,,,,,,,,,,,,,,,,,29092,,,,,
321892110,,,,,,,,,,,,,,,,,,,,44980,,,,,
321924510,,,,,,,,,100084,,,,,,,,,,,,,,,,
321991110,,,,,,,,,,,,,,,,,,,,39374,,,,,
322024510,,,,,,,,,,,,,,,,,,,,,,,,,96075
322124510,,,,,,,,,,,,,,,,,,,,25415,,,,,55447
322219110,,,,,,,,,83141,,,,,,,,,,,,,,,,
322224510,,,,,,,,,95951,,,,,,,,,,,44192,,,,,
322224610,,,,,,,,,92779,,,,,,,,,,,,,,,,
322260210,,,,,,,,,100220,,,,,,,,,,,,,,,,
322291110,,,,,,,,,78222,,,,,,,,,,,,,,,,
322324510,,,,,,,,,,,,,,,,,,,,26576,,,,,
322324610,,,,,,,,,,,,,,,,,,,,33158,,,,,
322390010,,,,,,,,,100239,,,,,,,,,,,59571,,,,,
322424510,,,,,,,,,,,,,,,,,,,,,,,,,86910
600446410,,,,,,,,,,,,,,,,,,,,27552,,,,,36248
600460210,,,,,,,,,,,,,,,,,,,37198,35864,,,,,59043
600461210,,,,,,,,,,,,,,,,,,,64649,18693,,76072,,,21143
600519110,17074,32047,62315,31601,36434,19233,18021,22040,,19881,33531,97241,52937,24905,22655,,20699,87296,32252,12003,,,,,15479
600524610,5051,15055,40935,7540,6018,5854,8508,7063,,6144,17095,53593,20825,11958,11335,,9194,54180,14354,2972,,,,,4124
600529310,14550,26439,80867,35178,16520,14678,27159,19549,,13256,31162,93409,44918,15901,17780,,18374,,73526,8103,,89509,,,11621
600537210,9992,22963,,28109,18210,11290,13005,12060,,10325,28883,,55327,11300,15236,,14371,,27280,6891,,59491,,,8840
600561210,15319,34536,98306,25089,23523,16582,25780,18026,,19173,36065,,50444,42311,20568,,29101,,38920,5488,,45918,,,14909
600619110,2757,9964,19753,4053,3682,4298,4735,3680,,4105,12501,22741,18419,9113,4989,,6886,33905,8286,1437,51400,17076,,,3632
600624510,126,1925,6496,362,453,640,227,286,,209,2696,5182,897,789,1303,,414,2883,563,41,,,,,
600629310,908,6149,15462,6888,1863,3200,1073,1561,,1256,8377,8465,6281,4840,4041,,2236,30820,4349,1135,,7779,47442,,1266
600637210,430,4057,11648,2711,1222,672,1320,774,,588,6082,14305,1793,2628,3004,,1404,14819,2184,540,16332,2418,34541,1868,733
600646410,1447,9758,24403,14292,4686,4702,,2200,,2326,8893,38054,,,,,4008,62968,8648,2100,,11635,,,2554
600661210,1413,6957,24373,6930,2829,3361,1973,2953,,2985,16168,32477,11901,4545,4052,,5979,47679,4780,1279,,,,,
600662710,3336,16516,40914,14771,7089,20728,8581,5311,,6788,28041,42117,31058,13475,25526,,8481,,23249,2969,,27156,,,5528
600669410,4548,18546,52042,9039,5017,12285,9582,7117,,7090,18448,85776,52342,23481,28520,,10075,84591,17903,3658,72430,6228,,,6876
600719110,8165,24330,34915,14436,11934,10734,11944,13312,,10589,23929,28834,19216,,11311,,16742,,18220,5151,,,,,7120
600724210,934,4685,20612,4959,1970,1121,1986,1330,,1142,6362,12844,7243,4784,1933,,2128,16729,3369,370,19007,,,,
600724610,1449,6863,28570,5863,2234,1593,2495,1737,,2059,7672,40393,9497,,4753,,2621,27049,4271,1066,30849,7100,,,1372
600729310,5160,12633,39705,17522,9489,5706,12166,7008,,6560,18680,63213,26742,11673,7136,,9678,46745,16838,3956,,,,,4391
600737610,3261,9909,58816,9869,8108,4094,10321,4449,,4543,14452,64907,12162,6851,10095,,5569,34395,9725,2382,,28280,,,3235
600761210,4612,15547,68282,11967,5601,7688,6425,6095,,8742,31240,65307,33359,,14989,,14322,,24695,3319,,44785,,,4311
602819110,,,,,,,,,,,,,,,,,,,,,,,,,73965
602825410,,,,,,,,,,,,,,,,,,,57420,14219,,,,,26608
602837210,,,,,,,,,,,,,,,,,,,,,,,,,45364
602850310,,,,,,,,,,,,,,,,,,,,23978,,,,,36082
602850710,,,,,,,,,,,,,,,,,,,,,,,,,89685
602861210,,,,,,,,,,,,,,,,,,,,,,,,,95235
612219110,,,,,,,,,,,,,,,,,,,,,,,,,97162
612224510,,,,,,,,,,,,,,,,,,,21621,13599,,,,,20534
612237210,,,,,,,,,,,,,,,,,,,,27263,,,,,46554
612261210,,,,,,,,,,,,,,,,,,,,,,,,,97447
613819110,,,,,,,,,,,,,,,,,,,,,,,,,19495
613824510,,,,,,,,,,,,,,,,,,,76857,21856,,,,,35085
613824610,,,,,,,,,,,,,,,,,,,85713,31130,,,,,42929
613837210,,,,,,,,,,,,,,,,,,,,,,,,,59623
613861210,,,,,,,,,,,,,,,,,,,,,,,,,100309
613924510,,,,,,,,,,,,,,,,,,,25149,7217,,27643,,,9631
613924610,,,,,,,,,,,,,,,,,,,31871,8980,,36342,,,11424
613929310,,,,,,,,,,,,,,,,,,,78774,38364,,,,,53194
613937210,,,,,,,,,,,,,,,,,,,78775,19578,,,,,24610
613961210,,,,,,,,,,,,,,,,,,,85917,41765,,,,,75901
613984410,,,,,,,,,,,,,,,,,,,45826,19766,,,,,29342
613992110,,,,,,,,,,,,,,,,,,,40380,11317,,,,,18837
613999510,,,,,,,,,,,,,,,,,,,34124,12281,,,,,17845
614119110,74603,100120,82723,86774,92004,79010,91968,94554,,95243,,,,,,,,,,37007,,,,,73222
614124510,7417,19534,56388,15152,8557,10414,8021,8421,,8841,22036,70393,32287,22413,15111,,9903,83477,25170,5257,,26066,,,7879
614124610,9803,22389,78178,23585,15248,12096,15091,10755,,11347,27529,90142,33429,24514,18155,,12533,,30496,7255,,33775,,,10478
614126210,13687,26340,75842,29700,38737,19927,20651,15933,,12686,79940,,,,,,19635,72621,36815,10137,,40615,,,14594
614129310,34456,61679,,85448,68995,73862,74115,43905,,54819,70436,,,,,,81160,,,21820,,,,,41636
614137210,19567,34178,,41016,37474,26664,30072,21092,,19180,39193,,47612,30025,36184,,22676,,60346,14562,,,,,18919
614161210,60427,99938,,86267,,,,89272,,87679,,,,,,,100574,,100207,41384,,,,,61836
614191610,49206,69630,,62685,,,82870,57340,,69473,92162,,,,,,97194,,,38480,,,,,56155
614419110,,,,,,,,,,,,,,,,,,,,,,,,,83693
614424510,,,,,,,,,,,,,,,,,,,97248,30748,,,,,37601
614424610,,,,,,,,,,,,,,,,,,,82301,37475,,,,,40270
614437210,,,,,,,,,,,,,,,,,,,,,,,,,62762
614461210,,,,,,,,,,,,,,,,,,,,,,,,,97234
614524510,,,,,,,,,,,,,,,,,,,36695,11204,,48930,,,16613
614524610,,,,,,,,,,,,,,,,,,,31119,13776,,,,,16967
614529310,,,,,,,,,,,,,,,,,,,,36968,,,,,65711
614537210,,,,,,,,,,,,,,,,,,,90466,25867,,,,,37478
614561210,,,,,,,,,,,,,,,,,,,,,,,,,100379
614619110,38083,54223,83857,54420,50182,44584,45313,46620,,44129,81195,,,,,,60159,,52458,22198,,,,,42694
614624510,6737,13832,44882,16740,8549,9482,13806,7931,,9010,17912,40869,17457,18917,11374,,10427,,18418,5494,,,,,7458
614637210,16026,30099,87034,28615,32716,18834,22897,17203,,15737,36440,,38934,34726,32940,,20745,,44343,12019,,76695,,,17431
614637610,30189,39793,,68237,31822,48917,42432,35289,,27660,47463,,,,,,34252,,69679,22022,,,,,30058
614650710,28077,46302,,55922,68981,28854,39497,39271,,27331,48358,,,,,,34916,,,25205,,,,,45961
614661210,45004,57730,,98572,51186,83288,45616,57987,,79401,98557,,100435,84438,85309,,82425,,,32701,,,,,67071
615519110,95854,,,,,,,,,71043,,,,,,,,,,,,,,,
615524510,16786,,,,,,,,95124,18286,,,,,,,,,,13676,,,,,
615524610,22589,,,,,,,,90846,22139,,,,,,,,,,17469,,,,,
615526010,32290,,,,,,,,91253,35844,,,,,,,,,,26024,,,,,
615529310,72748,,,,,,,,,92533,,,,,,,,,,,,,,,
615537210,41100,,,,,,,,86914,42863,,,,,,,,,,30866,,,,,
615561210,99878,,,,,,,,,63353,,,,,,,,,,,,,,,
615591110,29818,,,,,,,,40456,38374,,,,,,,,,,23636,,,,,
615591310,27929,,,,,,,,87053,35642,,,,,,,,,,23079,,,,,
615591710,40777,,,,,,,,39306,49005,,,,,,,,,,,,,,,
615599710,42476,,,,,,,,,49756,,,,,,,,,,29555,,,,,
615624510,,,,,,,,,,,,,,,,,,,26396,9006,,39210,,,12355
615624610,,,,,,,,,,,,,,,,,,,34140,10163,,,,,13397
615629310,,,,,,,,,,,,,,,,,,,,,,,,,62665
615637210,,,,,,,,,,,,,,,,,,,89254,26401,,,,,28545
615661210,,,,,,,,,,,,,,,,,,,,,,,,,85927
615699510,,,,,,,,,,,,,,,,,,,58788,14187,,,,,21065
539024510,,,,,,,,,,,,,,,,,,,,28383,,,,,45422
539029310,,,,,,,,,,,,,,,,,,,,,,,,,100571
539092110,,,,,,,,,,,,,,,,,,,,,,,,,75212
539624510,,,,,,,,,,,,,,,,,,,,,,,,,81661
539661210,,,,,,,,,,,,,,,,,,,,,,,,,80998
539919110,,,,,,,,,,,,,,,,,,,,78238,,,,,
539924510,,,,,,,,,,,,,,,,,,,,47983,,,,,68768
539961210,,,,,,,,,,,,,,,,,,,,,,,,,63056
540124510,,,,,,,,,,,,,,,,,,,,,,,,,77798
540824510,,,,,,,,,,,,,,,,,,,,,,,,,65362
540924510,,,,,,,,,,,,,,,,,,,,,,,,,64520
541119110,,,,,,,,,97613,,,,,,,,,,,,,,,,
541124510,,,,,,,,,98675,,,,,,,,,,,52192,,,,,
541137210,,,,,,,,,98011,,,,,,,,,,,,,,,,
541161210,,,,,,,,,86519,,,,,,,,,,,,,,,,
541819110,,,,,,,,,,,,,,,,,,,70573,54988,,,,,73257
541824510,,,,,,,,,,,,,,,,,,,77487,18032,,99614,,,43711
541829310,,,,,,,,,,,,,,,,,,,,,,,,,89536
541861210,,,,,,,,,,,,,,,,,,,,,,,,,97780
544919110,,,,,,,,,,,,,,,,,,,,35400,,,,,
544924510,,,,,,,,,100098,,,,,,,,,,,13828,,,,,
544924610,,,,,,,,,,,,,,,,,,,,15268,,,,,
600419110,,,,,,,,,,,,,,,,,,,63474,16562,,,,,27686
600424510,,,,,,,,,,,,,,,,,,,9984,5325,,24954,,,6257
600437210,,,,,,,,,,,,,,,,,,,43577,10716,,44316,,,12280
518237210,,,,,,,,,,,,,,,,,,,,,,,,,70036
524425710,,,,,,,,,,,,,,,,,,,60985,36091,,,,,63445
524491610,,,,,,,,,,,,,,,,,,,,67816,,,,,74816
524492210,,,,,,,,,,,,,,,,,,,,86639,,,,,77419
530324510,,,,,,,,,,,,,,,,,,,,31698,,,,,45683
530329310,,,,,,,,,,,,,,,,,,,,,,,,,93962
530337210,,,,,,,,,,,,,,,,,,,,,,,,,85870
530361210,,,,,,,,,,,,,,,,,,,,,,,,,99226
532229310,,,,,,,,,95644,,,,,,,,,,,,,,,,
533024510,,,,,,,,,,,,,,,,,,,39574,,,,,,31274
533024610,,,,,,,,,,,,,,,,,,,,,,,,,31464
533037210,,,,,,,,,,,,,,,,,,,,,,,,,91761
533099510,,,,,,,,,,,,,,,,,,,,43865,,,,,60128
533119110,,,,,,,,,,,,,,,,,,,,,,,,,64818
533124510,,,,,,,,,,,,,,,,,,,74931,24367,,,,,42836
533129310,,,,,,,,,,,,,,,,,,,,,,,,,96644
533137210,,,,,,,,,,,,,,,,,,,,,,,,,90054
533161210,,,,,,,,,,,,,,,,,,,,,,,,,99885
538019110,,,,,,,,,,,,,,,,,,,,45173,,,,,
538024510,,,,,,,,,,,,,,,,,,,,,,,,,73844
538029310,,,,,,,,,,,,,,,,,,,,,,,,,88550
538061210,,,,,,,,,,,,,,,,,,,,88293,,,,,
538124210,,,,,,,,,,,,,,,,,,,,,,,,,85404
538161210,,,,,,,,,,,,,,,,,,,,,,,,,80483
538224510,,,,,,,,,,,,,,,,,,,79359,33571,,,,,55466
538237210,,,,,,,,,,,,,,,,,,,,,,,,,93673
516924510,,,,,,,,,,,,,,,,,,,,,,,,,97569
517024210,,,,,,,,,98609,,,,,,,,,,,28849,,,,,
517099510,,,,,,,,,73377,,,,,,,,,,,,,,,,
517124510,,,,,,,,,,,,,,,,,,,,42926,,,,,92687
517219110,60059,,,,,,,,,67291,,,,,,,,,,37322,,,,,
517224510,29597,,,,,,,,99256,28682,,,,,,,,,,11772,,,,,
517229310,55855,,,,,,,,,62704,,,,,,,,,,36715,,,,,
517237210,50407,,,,,,,,,48397,,,,,,,,,,29989,,,,,
517261210,58932,,,,,,,,,66032,,,,,,,,,,,,,,,
517291210,38399,,,,,,,,86289,36096,,,,,,,,,,14961,,,,,
517292110,43699,,,,,,,,,39927,,,,,,,,,,24926,,,,,
517319110,,,,,,,,,67627,,,,,,,,,,,,,,,,
517324510,,,,,,,,,100264,,,,,,,,,,,17557,,,,,
517399510,,,,,,,,,93144,,,,,,,,,,,28773,,,,,
517724510,,,,,,,,,,,,,,,,,,,,21470,,,,,51387
517724610,,,,,,,,,,,,,,,,,,,,33530,,,,,62500
517729310,,,,,,,,,,,,,,,,,,,,,,,,,67085
517737210,,,,,,,,,,,,,,,,,,,,,,,,,92538
517761210,,,,,,,,,,,,,,,,,,,,,,,,,81776
517799510,,,,,,,,,,,,,,,,,,,,,,,,,84951
517924510,,,,,,,,,,,,,,,,,,,,,,,,,56775
517961210,,,,,,,,,,,,,,,,,,,,,,,,,92834
518124510,,,,,,,,,,,,,,,,,,,68522,20600,,,,,42042
518129310,,,,,,,,,,,,,,,,,,,,,,,,,97663
518137210,,,,,,,,,,,,,,,,,,,,,,,,,65151
518161210,,,,,,,,,,,,,,,,,,,,,,,,,97772
518224510,,,,,,,,,,,,,,,,,,,,38182,,,,,56130
515119110,,,,,,,,,,,,,,,,,,,,,,,,,78708
515124510,,,,,,,,,,,,,,,,,,,92190,17634,,,,,33767
515124610,,,,,,,,,,,,,,,,,,,85367,19264,,,,,35174
515129310,,,,,,,,,,,,,,,,,,,,,,,,,94267
515137210,,,,,,,,,,,,,,,,,,,,,,,,,62086
515161210,,,,,,,,,,,,,,,,,,,,,,,,,81740
515199510,,,,,,,,,,,,,,,,,,,,27464,,,,,53289
515219110,99888,,,,,,,,,95072,,,,,,,,,,,,,,,
515224210,53186,,,,,,,,80345,51469,,,,,,,,,,30082,,,,,
515224610,56651,,,,,,,,,53608,,,,,,,,,,44811,,,,,
515229310,75682,,,,,,,,,76455,,,,,,,,,,,,,,,
515237210,89688,,,,,,,,,86597,,,,,,,,,,,,,,,
515261210,98589,,,,,,,,,,,,,,,,,,,,,,,,
515291710,89175,,,,,,,,,94903,,,,,,,,,,,,,,,
515299710,79993,,,,,,,,,93200,,,,,,,,,,,,,,,
516019110,85553,,,,92788,86866,96993,100566,,78674,89494,,,91914,81142,,94900,62536,73879,41865,,,,,99533
516024510,18728,36363,78498,36885,27274,24676,27100,22409,,18545,30988,69100,54802,22614,31652,,20447,66148,46310,10910,,73942,,,19228
516024610,24003,46642,87698,49887,28256,25096,29260,25427,,23137,42501,89796,,,,,24275,,58251,11369,,96677,,,21385
516029310,57417,98567,,81504,80727,82664,60515,65103,,55657,88985,,,,57197,,55276,,95142,29890,,,,,54249
516061210,75217,99296,,93057,87133,94425,82342,87354,,73033,98088,,,93475,85878,,100315,,,38137,,,,,69555
516062410,51880,76251,,,66299,70688,76934,62730,,46692,86818,,,,96220,,60129,,,22029,,,,,40102
516084410,34804,51403,,56834,65327,37907,37013,37520,,30838,56888,,,,,,36581,,,15287,,,,,37088
516091510,97970,,,,,,,,,89014,,,,,,,97497,,,,,,,,97206
516119110,,,,,,,,,,,,,,,,,,,,62668,,,,,85280
516124610,,,,,,,,,,,,,,,,,,,74454,21508,,,,,37903
516125710,,,,,,,,,,,,,,,,,,,88772,27157,,,,,65330
516129310,,,,,,,,,,,,,,,,,,,,,,,,,100256
516137210,,,,,,,,,,,,,,,,,,,,,,,,,77222
516161210,,,,,,,,,,,,,,,,,,,,,,,,,94858
516219110,,,,,,,,,,,,,,,,,,,,51777,,,,,97078
516224510,,,,,,,,,,,,,,,,,,,61868,7839,,65328,,,19632
516224610,,,,,,,,,,,,,,,,,,,64267,9359,,,,,23401
516229310,,,,,,,,,,,,,,,,,,,,28733,,,,,62926
516237210,,,,,,,,,,,,,,,,,,,92529,19464,,,,,33040
516261210,,,,,,,,,,,,,,,,,,,90214,41995,,,,,65071
516284410,,,,,,,,,,,,,,,,,,,77272,25610,,,,,42930
516291610,,,,,,,,,,,,,,,,,,,,41817,,,,,64594
516419110,,,,,,,,,96869,,,,,,,,,,,,,,,,
516424510,,,,,,,,,71458,,,,,,,,,,,25449,,,,,
516429310,,,,,,,,,95026,,,,,,,,,,,,,,,,
516437210,,,,,,,,,99635,,,,,,,,,,,,,,,,
516446610,,,,,,,,,99861,,,,,,,,,,,,,,,,
516461210,,,,,,,,,71913,,,,,,,,,,,,,,,,
512119110,,,,,,,,,,,,,,,,,,,68949,28204,,,,,96708
512121910,,,,,,,,,,,,,,,,,,,,34289,,,,,71544
512124510,,,,,,,,,,,,,,,,,,,24643,4134,,37159,,,11287
512124610,,,,,,,,,,,,,,,,,,,19504,9148,,,,,13966
512125710,,,,,,,,,,,,,,,,,,,27936,11738,,,,,26651
512129310,,,,,,,,,,,,,,,,,,,59817,37354,,,,,75443
512137210,,,,,,,,,,,,,,,,,,,81318,20936,,,,,33323
512150710,,,,,,,,,,,,,,,,,,,,25951,,,,,43311
512161210,,,,,,,,,,,,,,,,,,,,34956,,,,,94937
512199510,,,,,,,,,,,,,,,,,,,97363,15103,,,,,30424
512419110,,,,,,,,,,,,,,,,,,,,,,,,,95203
512424510,,,,,,,,,,,,,,,,,,,78219,36251,,,,,50867
512424610,,,,,,,,,,,,,,,,,,,,42944,,,,,64204
512429310,,,,,,,,,,,,,,,,,,,,,,,,,97922
512461210,,,,,,,,,,,,,,,,,,,,,,,,,90496
512524510,,,,,,,,,,,,,,,,,,,,32864,,,,,53729
512524610,,,,,,,,,,,,,,,,,,,95659,30262,,,,,56918
512550710,,,,,,,,,,,,,,,,,,,,,,,,,98373
513019110,,,,,,,,,,,,,,,,,,,,93508,,,,,
513024510,,,,,,,,,,,,,,,,,,,,46483,,,,,64175
513061210,,,,,,,,,,,,,,,,,,,,,,,,,100384
513919110,,,,,,,,,,,,,,,,,,,,,,,,,95576
513924510,,,,,,,,,,,,,,,,,,,73900,14987,,,,,24958
513924610,,,,,,,,,,,,,,,,,,,62178,15850,,,,,27368
513937210,,,,,,,,,,,,,,,,,,,,,,,,,60419
513946410,,,,,,,,,,,,,,,,,,,,,,,,,97236
513950710,,,,,,,,,,,,,,,,,,,,34516,,,,,74478
513961210,,,,,,,,,,,,,,,,,,,,,,,,,68310
513984410,,,,,,,,,,,,,,,,,,,,30818,,,,,59163
513991610,,,,,,,,,,,,,,,,,,,87055,38066,,,,,77113
412324610,,,,,,,,,71900,,,,,,,,,,,33922,,,,,
412325110,,,,,,,,,93525,,,,,,,,,,,34631,,,,,
412326510,,,,,,,,,,,,,,,,,,,,84710,,,,,
412326610,,,,,,,,,50985,,,,,,,,,,,56627,,,,,
412329310,,,,,,,,,,,,,,,,,,,,74761,,,,,
412337010,,,,,,,,,,,,,,,,,,,,61135,,,,,
412337210,,,,,,,,,76660,,,,,,,,,,,,,,,,
412350710,,,,,,,,,89353,,,,,,,,,,,47502,,,,,
412399510,,,,,,,,,99924,,,,,,,,,,,45707,,,,,
413324510,,,,,,,,,,,,,,,,,,,,43635,,,,,93035
413424210,,,,,,,,,,,,,,,,,,,,43337,,,,,72070
413437210,,,,,,,,,,,,,,,,,,,,,,,,,85733
413519110,,,,,,,,,,,,,,,,,,,,,,,,,89671
413524210,,,,,,,,,,,,,,,,,,,,68676,,,,,88213
413524610,,,,,,,,,,,,,,,,,,,,64072,,,,,100623
413537210,,,,,,,,,,,,,,,,,,,,93236,,,,,
413619110,,,,,,,,,98450,,,,,,,,,,,,,,,,
413624210,,,,,,,,,96995,,,,,,,,,,,22680,,,,,
413629310,,,,,,,,,60641,,,,,,,,,,,,,,,,
413637210,,,,,,,,,69382,,,,,,,,,,,,,,,,
413699710,,,,,,,,,,,,,,,,,,,,39098,,,,,
413724210,27705,,,,,,,,97272,26778,,,,,,,,,,21754,,,,,
413726310,41054,,,,,,,,95162,42129,,,,,,,,,,28293,,,,,
413729310,75750,,,,,,,,,77171,,,,,,,,,,66804,,,,,
413737210,50716,,,,,,,,,46668,,,,,,,,,,46606,,,,,
346524510,,,,,,,,,,,,,,,,,,,,,,,,,80511
346719110,,,,,,,,,,,,,,,,,,,,,,,,,88723
346724510,,,,,,,,,,,,,,,,,,,,23059,,,,,46584
346737210,,,,,,,,,,,,,,,,,,,,,,,,,67626
346761210,,,,,,,,,,,,,,,,,,,,,,,,,82493
346791110,,,,,,,,,,,,,,,,,,,,31643,,,,,73732
347124510,,,,,,,,,,,,,,,,,,,63462,22142,,,,,56084
347125710,,,,,,,,,,,,,,,,,,,77656,40193,,,,,85747
347162410,,,,,,,,,,,,,,,,,,,,,,,,,77235
347199510,,,,,,,,,,,,,,,,,,,,38869,,,,,97502
347524510,,,,,,,,,94146,,,,,,,,,,,17310,,,,,
347524610,,,,,,,,,76224,,,,,,,,,,,21273,,,,,
347561210,,,,,,,,,57505,,,,,,,,,,,,,,,,
347591110,,,,,,,,,,,,,,,,,,,,19851,,,,,
347591210,,,,,,,,,,,,,,,,,,,,25895,,,,,
347724510,,,,,,,,,,,,,,,,,,,90349,,,,,,57336
350324610,,,,,,,,,,,,,,,,,,,,53682,,,,,89105
400419110,,,,,,,,,,,,,,,,,,,,34875,,,,,61776
400424210,,,,,,,,,,,,,,,,,,,26045,11170,,30816,,,20199
400429310,,,,,,,,,,,,,,,,,,,,42727,,,,,69050
400437210,,,,,,,,,,,,,,,,,,,74167,23014,,,,,51874
400446610,,,,,,,,,,,,,,,,,,,,48910,,,,,89962
400461210,,,,,,,,,,,,,,,,,,,,37947,,,,,58524
400550310,,,,,,,,,,,,,,,,,,,51257,12879,,,,,17053
400550710,,,,,,,,,,,,,,,,,,,27691,4229,,30951,,,13192
419724210,,,,,,,,,,,,,,,,,,,,60184,,,,,81299
430219110,,,,,,,,,,,,,,,,,,,,92955,,,,,87673
430224510,,,,,,,,,,,,,,,,,,,,45369,,,,,54099
430261210,,,,,,,,,,,,,,,,,,,,,,,,,45698
430424550F,,,,,,,,,,,,,,,,,,,,,,,,,35131
430437250F,,,,,,,,,,,,,,,,,,,,,,,,,79238
430461250F,,,,,,,,,,,,,,,,,,,,,,,,,68913
461319110,,,,,,,,,,,,,,,,,,,,73146,,,,,
461324510,,,,,,,,,,,,,,,,,,,,53247,,,,,79605
461329310,,,,,,,,,,,,,,,,,,,,94055,,,,,
461337210,,,,,,,,,,,,,,,,,,,,52729,,,,,
464919110,,,,,,,,,97080,,,,,,,,,,,55685,,,,,
464924510,,,,,,,,,98190,,,,,,,,,,,18866,,,,,
464929310,,,,,,,,,,,,,,,,,,,,37115,,,,,
464961210,,,,,,,,,67183,,,,,,,,,,,38543,,,,,
500350310,,,,,,,,,,,,,,,,,,,,11221,,,,,66626
500350710,,,,,,,,,,,,,,,,,,,,43265,,,,,80940
500350810,,,,,,,,,,,,,,,,,,,,95371,,,,,
500351810,,,,,,,,,,,,,,,,,,,,90832,,,,,99631
500352310,,,,,,,,,,,,,,,,,,,,13772,,,,,59146
500419110,38547,57498,70658,40002,45482,47974,62467,46250,,42295,54759,59118,66655,60557,44202,,56668,,68399,26590,,,,,36409
500424510,12667,21849,37350,20658,15412,14944,15661,13696,,12916,23477,24026,19257,18320,16281,,13360,89363,31544,7301,,32836,,,13514
500429310,39177,45552,69148,50679,53563,59417,47320,49266,,44979,57729,70785,52115,65143,80010,,51560,,,33387,,,,,48720
500437210,26855,41401,74498,30722,47363,28742,38060,31566,,24786,41057,,54939,37162,86887,,26847,,82590,17036,,,,,29658
500446610,100499,,,,,,,,,93432,,,,,,,,,,,,,,,78465
500461210,43745,60710,84793,55784,56818,46430,70612,53205,,75896,62875,91044,76148,63099,94542,,94202,,95816,29795,,,,,53321
510319110,,,,,,,,,,,,,,,,,,,,49033,,,,,98185
510324510,,,,,,,,,,,,,,,,,,,97386,26075,,,,,80556
510337210,,,,,,,,,,,,,,,,,,,,44609,,,,,100459
510361210,,,,,,,,,,,,,,,,,,,,,,,,,92236
510419110,,,,,,,,,,,,,,,,,,,,,,,,,69614
510424510,,,,,,,,,,,,,,,,,,,64411,22376,,,,,67725
510437210,,,,,,,,,,,,,,,,,,,,,,,,,100417
510450710,,,,,,,,,,,,,,,,,,,,,,,,,85798
510461210,,,,,,,,,,,,,,,,,,,,,,,,,74691
510624510,,,,,,,,,,,,,,,,,,,,43944,,,,,72521
510637210,,,,,,,,,,,,,,,,,,,,,,,,,93569
510724510,,,,,,,,,,,,,,,,,,,,,,,,,100160
510819110,,,,,,,,,,,,,,,,,,,,40814,,,,,80818
510824510,,,,,,,,,,,,,,,,,,,48216,11728,,,,,20839
510824610,,,,,,,,,,,,,,,,,,,45149,12986,,,,,26498
510837210,,,,,,,,,,,,,,,,,,,79647,32936,,,,,50323
510846410,,,,,,,,,,,,,,,,,,,,38560,,,,,67769
510861210,,,,,,,,,,,,,,,,,,,,,,,,,85507
510919110,,,,,,,,,,,,,,,,,,,,,,,,,97343
510924510,,,,,,,,,,,,,,,,,,,96317,20019,,,,,38591
510924610,,,,,,,,,,,,,,,,,,,,22906,,,,,40646
510929310,,,,,,,,,,,,,,,,,,,,,,,,,96123
510937210,,,,,,,,,,,,,,,,,,,,44848,,,,,71055
510961210,,,,,,,,,,,,,,,,,,,,,,,,,88685
510991610,,,,,,,,,,,,,,,,,,,,62371,,,,,99408
510999510,,,,,,,,,,,,,,,,,,,,39535,,,,,55393
417724610,,,,,,,,,87533,,,,,,,,,,,34770,,,,,
417737010,,,,,,,,,,,,,,,,,,,,72840,,,,,
417761210,,,,,,,,,53042,,,,,,,,,,,,,,,,
418819110,,,,,,,,,,,,,,,,,,,,,,,,,97216
418824210,,,,,,,,,,,,,,,,,,,,71385,,,,,90872
418850310,,,,,,,,,,,,,,,,,,,,66440,,,,,95756
419024210,,,,,,,,,,,,,,,,,,,,92517,,,,,42136
419224210,,,,,,,,,,,,,,,,,,,,83753,,,,,71828
419324210,,,,,,,,,,,,,,,,,,,,59753,,,,,
419524210,,,,,,,,,,,,,,,,,,,,52154,,,,,83401
419591210,,,,,,,,,,,,,,,,,,,,81113,,,,,
419624210,,,,,,,,,,,,,,,,,,,,,,,,,79989
414799510,,,,,,,,,,,,,,,,,,,,34757,,,,,100482
415100210,,,,,,,,,,,,,,,,,,,,23998,,,,,59815
415108210,,,,,,,,,,,,,,,,,,,,51709,,,,,75291
415124210,,,,,,,,,,,,,,,,,,,,34220,,,,,88923
415124610,,,,,,,,,,,,,,,,,,,,58685,,,,,
415129310,,,,,,,,,,,,,,,,,,,,96776,,,,,
415161210,,,,,,,,,,,,,,,,,,,,72887,,,,,
416319110,,,,,,,,,,,,,,,,,,,,83501,,,,,
416324210,,,,,,,,,,,,,,,,,,,,37379,,,,,78679
416337010,,,,,,,,,,,,,,,,,,,,68615,,,,,100297
416370110,,,,,,,,,,,,,,,,,,,,32859,,,,,
416719110,52075,59256,85838,77080,63399,82882,,66426,,49987,62316,70510,76158,64843,93997,,59724,,,40845,,,,,91835
416724210,10762,15951,33958,20189,13390,19571,17616,11435,,10557,17559,50485,25702,23346,20569,,11850,72410,30638,6804,,30902,,,14930
416724610,15183,20700,52719,23987,21483,21687,31004,16606,,15504,25632,59152,45570,31804,26316,,17843,,43156,10220,,62451,,,20038
416725110,16398,22059,76473,25107,22672,25506,47294,17933,,15521,26176,55259,28436,30102,47065,,16985,,83430,10538,,,,,25329
416725710,24362,29833,,36742,30043,30542,40677,27249,,25078,39120,,,,,,26158,,46673,16526,,63971,,,36219
416726510,47203,84388,,73142,50395,73367,,53618,,46087,83271,,,,,,49013,,,31657,,,,,
416735610,53515,74683,96490,93494,75876,79588,,67869,,60551,79051,92697,,88583,79378,,72126,,,33783,,,,,46792
416737210,25236,31511,,51991,34121,48055,,27887,,24317,33278,89778,72307,45535,51205,,27380,,88899,18765,,,,,47611
416737610,36691,45743,,67573,39801,77291,,42387,,36344,42648,,,61420,77698,,37623,,,32179,,,,,94316
416761210,45705,59339,93939,96401,78414,79789,,55314,,80717,100037,,98044,,,,57693,,88926,40090,,,,,97309
416791110,14011,20964,68265,54581,25013,25118,19016,18783,,18846,26462,84864,,,,,18927,,35438,9807,,,,,20448
416799510,20588,26220,78397,48580,27842,34894,71870,23643,,21688,29696,76687,,,,,22639,,75337,16034,,,,,31068
417219110,,,,,,,,,94531,,,,,,,,,,,56478,,,,,
417224210,,,,,,,,,89995,,,,,,,,,,,26595,,,,,
417226310,,,,,,,,,99686,,,,,,,,,,,34928,,,,,
417229310,,,,,,,,,99494,,,,,,,,,,,,,,,,
417237210,,,,,,,,,70733,,,,,,,,,,,,,,,,
417261210,,,,,,,,,94517,,,,,,,,,,,,,,,,
417419110,81400,,,,,,,,,94817,,,,,,,,,,48899,,,,,
417424510,20118,,,,,,,,100716,19604,,,,,,,,,,15140,,,,,
417424610,22527,,,,,,,,50780,21857,,,,,,,,,,16210,,,,,
417429310,66727,,,,,,,,,57009,,,,,,,,,,48165,,,,,
417437210,36866,,,,,,,,,36367,,,,,,,,,,28024,,,,,
417461210,74825,,,,,,,,84138,98392,,,,,,,,,,,,,,,
417491210,24151,,,,,,,,96091,21776,,,,,,,,,,19028,,,,,
417499710,29962,,,,,,,,,27229,,,,,,,,,,20840,,,,,
417524210,,,,,,,,,,,,,,,,,,,,64455,,,,,74586
417724210,,,,,,,,,92194,,,,,,,,,,,24238,,,,,
400551010,,,,,,,,,,,,,,,,,,,,21380,,,,,92347
400552410,,,,,,,,,,,,,,,,,,,,31869,,,,,41177
400552810,,,,,,,,,,,,,,,,,,,,19460,,,,,23104
400552910,,,,,,,,,,,,,,,,,,,,15855,,,,,79576
400572910,,,,,,,,,,,,,,,,,,,,14653,,,,,41066
402519110,,,,,,,,,,,,,,,,,,,88016,23817,,,,,35654
402524210,,,,,,,,,,,,,,,,,,,10165,2970,,18562,,,8904
402529310,,,,,,,,,,,,,,,,,,,,20085,,,,,29122
402537210,,,,,,,,,,,,,,,,,,,49951,10939,,,,,18828
402561210,,,,,,,,,,,,,,,,,,,80357,21148,,,,,31332
410424610,,,,,,,,,,,,,,,,,,,,34438,,,,,98829
410425110,,,,,,,,,,,,,,,,,,,92432,33823,,,,,94238
411519110,18102,,,,,,,,100509,20049,,,,,,,,,,15366,,,,,
411524210,3248,,,,,,,,7762,4346,,,,,,,,,,1416,,,,,
411524610,4246,,,,,,,,11612,5937,,,,,,,,,,3436,,,,,
411529310,17057,,,,,,,,94541,16883,,,,,,,,,,17603,,,,,
411537010,10088,,,,,,,,31123,10664,,,,,,,,,,7040,,,,,
411537610,16355,,,,,,,,56001,18718,,,,,,,,,,15210,,,,,
411546110,25766,,,,,,,,89264,21461,,,,,,,,,,19788,,,,,
411558910,31900,,,,,,,,95580,29226,,,,,,,,,,32282,,,,,
411561210,14724,,,,,,,,100731,29776,,,,,,,,,,12572,,,,,
411591010,6758,,,,,,,,18916,6784,,,,,,,,,,6191,,,,,
411591110,4873,,,,,,,,13741,4858,,,,,,,,,,4315,,,,,
411591210,5564,,,,,,,,16807,5372,,,,,,,,,,3896,,,,,
411619110,68652,,,,,,,,,96468,,,,,,,,,,49023,,,,,
411624210,17040,,,,,,,,60334,16260,,,,,,,,,,10586,,,,,
411624610,22820,,,,,,,,98762,21778,,,,,,,,,,15473,,,,,
411626010,26546,,,,,,,,80062,24639,,,,,,,,,,20931,,,,,
411626710,30756,,,,,,,,99149,26717,,,,,,,,,,23380,,,,,
411629310,56885,,,,,,,,,67361,,,,,,,,,,45042,,,,,
411637210,35378,,,,,,,,92199,38587,,,,,,,,,,20253,,,,,
411637610,58330,,,,,,,,,55723,,,,,,,,,,44712,,,,,
411661210,69528,,,,,,,,92655,94530,,,,,,,,,,43346,,,,,
411691110,21768,,,,,,,,93228,21488,,,,,,,,,,19696,,,,,
411691710,33723,,,,,,,,92952,35522,,,,,,,,,,23754,,,,,
411699710,28969,,,,,,,,86018,34663,,,,,,,,,,21123,,,,,
411819110,,,,,,,,,,,,,,,,,,,,80171,,,,,53017
411824510,,,,,,,,,,,,,,,,,,,,49392,,,,,97261
411829310,,,,,,,,,,,,,,,,,,,,83719,,,,,
411837210,,,,,,,,,,,,,,,,,,,,61886,,,,,
412300210,,,,,,,,,64856,,,,,,,,,,,12253,,,,,
412308210,,,,,,,,,,,,,,,,,,,,45565,,,,,
412319110,,,,,,,,,47616,,,,,,,,,,,62633,,,,,
412324210,,,,,,,,,99440,,,,,,,,,,,22573,,,,,
413761210,78127,,,,,,,,100639,95422,,,,,,,,,,,,,,,
413792110,47212,,,,,,,,90743,45866,,,,,,,,,,39976,,,,,
413819110,87373,,,,,,,,72567,100429,,,,,,,,,,97267,,,,,
413824210,37735,,,,,,,,93622,37145,,,,,,,,,,25868,,,,,
413824610,46386,,,,,,,,78371,47342,,,,,,,,,,40679,,,,,
413829310,93305,,,,,,,,,97204,,,,,,,,,,97233,,,,,
413837210,72624,,,,,,,,,73270,,,,,,,,,,66565,,,,,
413861210,100564,,,,,,,,,81042,,,,,,,,,,94770,,,,,
413899710,55218,,,,,,,,84149,66304,,,,,,,,,,53188,,,,,
413924210,,,,,,,,,97949,,,,,,,,,,,40987,,,,,
413929310,,,,,,,,,,,,,,,,,,,,79829,,,,,
413937210,,,,,,,,,,,,,,,,,,,,89277,,,,,
413992110,,,,,,,,,,,,,,,,,,,,83939,,,,,
414219110,87176,,,,,,,,95417,96798,,,,,,,,,,,,,,,
414224210,23771,,,,,,,,99886,22348,,,,,,,,,,18427,,,,,
414229310,87009,,,,,,,,,89743,,,,,,,,,,,,,,,
414237210,51025,,,,,,,,,50056,,,,,,,,,,36781,,,,,
414261210,93758,,,,,,,,92995,97154,,,,,,,,,,,,,,,
414291010,35496,,,,,,,,95400,32842,,,,,,,,,,26667,,,,,
414291710,46761,,,,,,,,90628,40624,,,,,,,,,,29276,,,,,
414299710,47848,,,,,,,,31844,44901,,,,,,,,,,34267,,,,,
414324510,,,,,,,,,,,,,,,,,,,,59170,,,,,
414419110,,,,,,,,,,,,,,,,,,,,87667,,,,,
414424210,,,,,,,,,,,,,,,,,,,72282,42823,,,,,78997
414424610,,,,,,,,,,,,,,,,,,,,59625,,,,,84831
414461210,,,,,,,,,,,,,,,,,,,,71453,,,,,
414524210,,,,,,,,,,,,,,,,,,,,66477,,,,,98114
414529310,,,,,,,,,,,,,,,,,,,,76310,,,,,
414561210,,,,,,,,,,,,,,,,,,,,90870,,,,,
414599510,,,,,,,,,,,,,,,,,,,,97827,,,,,
414719110,,,,,,,,,,,,,,,,,,,,92465,,,,,
414724210,,,,,,,,,,,,,,,,,,,69588,29880,,,,,72507
414724610,,,,,,,,,,,,,,,,,,,70110,29436,,,,,81678
414729310,,,,,,,,,,,,,,,,,,,,73064,,,,,
414737210,,,,,,,,,,,,,,,,,,,,43366,,,,,99626
414761210,,,,,,,,,,,,,,,,,,,,60722,,,,,75603
620791610,,,,,,,,,,,,,,,,,,,68286,25763,,,,,45886
620799510,,,,,,,,,,,,,,,,,,,57677,10964,,,,,17402
621419110,35840,51765,74084,58389,49852,38181,43280,63210,,40678,63704,,,,40971,,95104,,,20391,,,,,30765
621424510,11637,23187,,27191,22054,12288,30369,16212,,10948,27127,,53558,13695,11376,,14864,,26704,5900,,,,,9887
621426410,90861,,,,,,,,,,,,,,,,,,,85360,,,,,88747
621429310,31018,57066,,51635,57390,36599,97189,48718,,32377,40368,,60556,,39394,,46488,,94993,10584,,,,,23252
621437210,20390,52141,93995,,53087,23041,49636,28149,,18838,38683,,,,36993,,21565,,44552,11777,,,,,17157
621456810,13355,27921,,29370,23571,14770,43478,16697,,12611,33476,66439,,,,,12243,,19676,6099,,88426,,,11810
621461210,53761,92349,,79765,95451,83624,89828,90589,,93643,,,,,,,93143,,,28946,,,,,47870
621462410,78065,,,,,,,97444,,95721,,,,,,,,,,30532,,,,,88792
621719110,,,,,,,,,,,,,,,,,,,,,,,,,96747
621724210,,,,,,,,,,,,,,,,,,,,,,,,,45332
621729310,,,,,,,,,,,,,,,,,,,,,,,,,97067
621737210,,,,,,,,,,,,,,,,,,,,,,,,,60986
621761210,,,,,,,,,,,,,,,,,,,,,,,,,95056
621924210,,,,,,,,,,,,,,,,,,,,,,,,,77049
621946110,,,,,,,,,,,,,,,,,,,,,,,,,57122
622019110,,,,,,,,,,,,,,,,,,,,,,,,,84925
622024210,,,,,,,,,,,,,,,,,,,99517,14176,,,,,32162
622029310,,,,,,,,,,,,,,,,,,,,30947,,,,,66643
622037210,,,,,,,,,,,,,,,,,,,,27052,,,,,48611
622061210,,,,,,,,,,,,,,,,,,,,40950,,,,,82795
622219110,96975,,,,,,,,,80224,,,,,,,87920,,,50476,,,,,95558
622224210,16369,43090,,32751,24950,17676,57316,24535,,15525,38568,,45039,12661,34597,,23927,,70798,6864,,,,,13945
622226310,27518,59409,,74513,56687,41847,46231,41415,,26187,86508,,,,,,37193,,63870,12045,,,,,24599
622229310,60818,84777,,,79571,69124,,96545,,60225,,,,,73981,,82668,,,27008,,,,,54013
622237210,41015,93342,,85001,65782,55445,,55964,,36891,97468,,88857,63148,64037,,41717,,,18375,,,,,29327
622257010,49696,,90969,,,95294,,76314,,47525,77686,,,,,,31077,,,24212,,,,,45084
622261210,96764,,,,,,,,,96051,,,,,,,,,,,,,,,92996
622288610,83643,,,93278,,,,88548,,84973,,,,,,,,,,30736,,,,,92897
622289010,80774,84944,,,,,,89437,,73174,,,,,,,84714,,,23224,,,,,60291
622289510,96420,,,,,,,,,57284,,,,,,,,,,33741,,,,,92249
622289610,50871,74763,,79141,85419,74684,,78394,,58660,75737,,,,,,68510,,,16321,,,,,51133
622291310,21413,47277,,38088,31401,38567,,30286,,20222,51379,,,,,,24913,,,9510,,,,,18283
622324210,,,,,,,,,,,,,,,,,,,82348,13227,,,,,37533
622329310,,,,,,,,,,,,,,,,,,,,,,,,,83651
622337210,,,,,,,,,,,,,,,,,,,,,,,,,73987
622361210,,,,,,,,,,,,,,,,,,,,,,,,,79463
622399510,,,,,,,,,,,,,,,,,,,,38068,,,,,55074
625019110,94100,100431,,,,95532,96601,97518,,99249,,,,,,,,,,,,,,,77162
625024210,24279,37273,47539,60290,27257,31592,34892,30689,,23856,46695,,57657,45537,28845,,29303,,53492,13530,,,45233,,20920
625037210,43820,74554,,44375,46965,56778,,51998,,41184,86060,,,,74946,,66156,,,28174,,,,,38164
625050710,61277,84693,,,,76085,,86939,,59254,85464,,,,77973,,96616,,,36259,,,,,54790
625061210,92087,96128,,,,98002,,99545,,96364,,,,,,,,,,47734,,,,,81780
625091110,30801,49755,,78492,41434,49214,85415,37136,,36407,69670,,,,,,38248,,28434,16519,,,,,27850
625091210,37881,59458,74599,74922,41745,61218,83452,50048,,36105,82058,,62667,49749,32984,,54110,,96093,24285,,,,,31061
626519110,70620,,,,,,,,73276,67426,,,,,,,,,,48377,,,,,
626524210,13816,,,,,,,,44410,14178,,,,,,,,,,9273,,,,,
626524610,18981,,,,,,,,60154,18221,,,,,,,,,,15345,,,,,
626537210,36527,,,,,,,,99867,31349,,,,,,,,,,19899,,,,,
626561510,64379,,,,,,,,71767,74276,,,,,,,,,,34177,,,,,
626584410,32319,,,,,,,,99073,33615,,,,,,,,,,20870,,,,,
627862510,,,,,,,,,,,,,,,,,,,,,,,,,97596
627862610,,,,,,,,,,,,,,,,,,,,,,,,,92303
628124510,,,,,,,,,,,,,,,,,,,30027,9845,,34007,,,13056
628137210,,,,,,,,,,,,,,,,,,,76054,24380,,,,,32908
628161210,,,,,,,,,,,,,,,,,,,,,,,,,92505
628224510,,,,,,,,,,,,,,,,,,,21572,6948,,38274,,,8677
628224610,,,,,,,,,,,,,,,,,,,24208,7294,,,,,9951
628229310,,,,,,,,,,,,,,,,,,,,33515,,,,,51624
628237210,,,,,,,,,,,,,,,,,,,57866,14696,,90801,,,20767
628246610,,,,,,,,,,,,,,,,,,,,,,,,,92649
628299510,,,,,,,,,,,,,,,,,,,38390,11771,,,,,17173
628300210,43251,54735,92296,83183,45044,58904,58179,63743,,45365,58668,47958,,,87450,,60220,,70802,22772,,,,,37226
628319110,70552,77576,,,84543,83788,,73465,,98264,,,,,,,,,,32345,,,,,61747
628324210,22739,50831,94288,50662,25856,24430,42478,27426,,21716,58858,,70941,41777,24274,,24480,,54601,13840,,,,,17591
628326310,42066,72902,,55872,92846,55265,,59121,,39849,92480,,,,54645,,45921,,,26415,,,,,36814
628329310,76140,,,95463,,89270,,97673,,75193,,,,92876,,,94052,,,31747,,,,,53855
628350310,80698,83106,,,,,,98855,,47809,,,,,,,82999,,,,,,,,83366
628361210,96033,,,,,,,,,98764,,,,,,,,,,,,,,,78792
628392010,49607,100527,55015,,74796,56718,,65924,,44981,82993,,,,65765,,63919,,50243,26552,,,,,41722
628419110,,,,,,,,,,,,,,,,,,,,45985,,,,,82200
628424510,,,,,,,,,,,,,,,,,,,27021,8971,,,,,13714
628424610,,,,,,,,,,,,,,,,,,,30729,12373,,,,,16492
628429310,,,,,,,,,,,,,,,,,,,,46641,,,,,57534
628437210,,,,,,,,,,,,,,,,,,,77483,24892,,,,,33045
628461210,,,,,,,,,,,,,,,,,,,,36773,,,,,54698
628499510,,,,,,,,,,,,,,,,,,,30123,15269,,,,,26242
628524550F,,,,,,,,,,,,,,,,,,,28771,,,44033,,,13211
628524650F,,,,,,,,,,,,,,,,,,,37518,,,,,,16654
628537250F,,,,,,,,,,,,,,,,,,,59657,,,,,,40063
628819110,,,,,,,,,,,,,,,,,,,,,,,,,85342
628824210,,,,,,,,,,,,,,,,,,,77768,17193,,,,,30656
628837210,,,,,,,,,,,,,,,,,,,,,,,,,53470
628861210,,,,,,,,,,,,,,,,,,,,,,,,,95458
628891110,,,,,,,,,,,,,,,,,,,,25414,,,,,42014
628919110,29863,49516,89214,40149,48375,50574,32691,38727,,32696,70433,81659,50522,71392,45124,,47574,93099,78175,15604,,,,,26646
628924510,3446,10512,37390,7880,6588,4192,5903,4092,,4462,15204,74450,18075,7246,8991,,5384,84639,11494,2587,,,,,
628924610,4512,13026,49099,11755,7683,7210,5380,4816,,5457,18908,75871,21023,12540,11003,,6014,91220,14348,3631,,,,,
628937210,9597,23474,97477,23878,13998,11945,10976,10681,,10982,32315,,35884,16896,22843,,12560,,25136,7360,,30457,,,10539
627324510,1644,7143,29571,5647,1856,3125,2268,1972,,2117,8880,40168,9311,2910,6233,,2774,37782,6570,1149,,,,,
627324610,1892,7865,32519,5727,2490,3989,3027,2017,,2403,10046,16517,12995,,7155,,3289,59804,7232,1267,79672,7656,,,1903
627337210,5398,15467,76441,18178,10970,7993,6806,6494,,6692,15645,69939,33599,12743,8950,,8224,,15916,4347,,,,,
627346410,19731,49769,,46266,43334,31340,20027,28220,,23828,54326,,54751,98128,55303,,35828,,82449,13120,,,,,21713
627350710,20157,36771,,23736,33628,27137,24379,29716,,19705,50095,,65647,27443,28169,,24128,,90646,11366,,,,,24798
627361210,10057,23093,91718,60487,24157,19031,13607,13111,,20307,60828,,84931,71330,54114,,34459,,52101,8745,,,,,13497
627399510,3591,12767,50454,17763,7723,5893,4810,4413,,5459,22165,26409,17983,14526,10622,,6593,75689,10155,3014,,,,,
627424510,,,,,,,,,,,,,,,,,,,11412,2749,,,,,4675
627424610,,,,,,,,,,,,,,,,,,,16354,4547,,,,,5511
627429310,,,,,,,,,,,,,,,,,,,,11864,,,,,23604
627437210,,,,,,,,,,,,,,,,,,,54336,11044,,65516,,,14225
627461210,,,,,,,,,,,,,,,,,,,,19742,,,,,33581
627484310,,,,,,,,,,,,,,,,,,,,,,,,,85221
627499510,,,,,,,,,,,,,,,,,,,21487,7081,,,,,11587
627519110,,,,,,,,,,,,,,,,,,,,,,,,,93712
627524510,,,,,,,,,,,,,,,,,,,88610,17726,,,,,29044
627524610,,,,,,,,,,,,,,,,,,,46828,19837,,,,,33892
627529310,,,,,,,,,,,,,,,,,,,,,,,,,58366
627537210,,,,,,,,,,,,,,,,,,,96765,38844,,,,,46707
627561210,,,,,,,,,,,,,,,,,,,,,,,,,79090
627624550F,,,,,,,,,,3206,14158,76083,15867,7035,7190,,3998,84637,10865,,,15506,,,3149
627624650F,,,,,,,,,,4110,16875,71003,21387,8356,7345,,4517,,14741,,,25793,,,3702
627637250F,,,,,,,,,,7553,29977,93204,32285,24050,11676,,9686,,21465,,,31619,,,9012
627646450F,,,,,,,,,,24875,89824,,89844,66445,34540,,42212,,89568,,,,,,25852
627661250F,,,,,,,,,,17027,47366,83767,46935,38984,32321,,24630,,52815,,,,,,19162
627719110,,,,,,,,,,,,,,,,,,,,,,,,,97608
627724510,,,,,,,,,,,,,,,,,,,82061,24165,,,,,35395
627724610,,,,,,,,,,,,,,,,,,,60756,,,,,,47687
627737210,,,,,,,,,,,,,,,,,,,,,,,,,59245
627761210,,,,,,,,,,,,,,,,,,,,,,,,,89472
627819110,,,,,,,,,,,,,,,,,,,,32658,,,,,61028
627824510,,,,,,,,,,,,,,,,,,,20562,5313,,25544,,,7445
627829310,,,,,,,,,,,,,,,,,,,,23788,,,,,38414
627837210,,,,,,,,,,,,,,,,,,,47447,10784,,,,,15173
627850710,,,,,,,,,,,,,,,,,,,47094,30835,,,,,61004
627861210,,,,,,,,,,,,,,,,,,,83684,27986,,,,,44190
626708210,28729,71685,80828,91403,48813,53850,,41939,,14992,55193,,,,,,21435,,,7024,,,,,39055
626719110,54598,86931,97664,89869,69826,72311,65149,98046,,76491,90220,,,71598,73780,,90759,,,29429,,,,,50394
626724210,12515,25873,94534,30407,15181,12941,20423,17028,,12226,27483,58020,21937,17617,15851,,16396,82041,24512,5379,,64022,,,
626729310,44834,73012,,54981,55736,53298,,61881,,39361,83574,,,,54335,,49888,,,22882,,,,,35461
626737210,28231,58252,,39421,42241,45505,92171,37613,,25484,60772,,92494,24280,38141,,31259,,78378,17474,,,,,22168
626761210,78330,97093,,,83959,92859,,94095,,82851,,,,,,,,,,32200,,,,,64763
626791110,17742,36182,,67557,30744,24364,33402,22381,,16546,30149,,,,,,24006,,35890,6879,,42596,,,15520
626791210,17967,38924,,68141,29129,21098,50280,26461,,17374,38401,,,,,,24709,,34405,7522,,,,,15482
626792210,93337,,,,95109,,,100091,,61276,,,,,,,97514,,,,,,,,84698
626819110,95667,,,,,,,,,79921,,,,,,,,,,,,,,,79545
626824210,29405,52651,,72018,50469,39138,,39103,,27989,40857,,76838,60495,39043,,35052,,44696,15534,,,,,23376
626837210,43811,86601,,,62491,72878,,53572,,40917,83758,,,,39762,,63111,,92951,28551,,,,,35158
626850710,54397,95614,,88669,68311,73637,,78410,,49731,,,,,93351,,81766,,,26377,,,,,36543
626861210,100750,,,,,,,,,100331,,,,,,,,,,,,,,,90516
626919110,,,,,,,,,,,,,,,,,,,,49718,,,,,96927
626924210,,,,,,,,,,,,,,,,,,,63998,20261,,,,,30035
626929310,,,,,,,,,,,,,,,,,,,,,,,,,72244
626937210,,,,,,,,,,,,,,,,,,,,46543,,,,,58574
626946410,,,,,,,,,,,,,,,,,,,85660,46658,,,,,97215
626950710,,,,,,,,,,,,,,,,,,,,50540,,,,,79888
626961210,,,,,,,,,,,,,,,,,,,,,,,,,99592
626990010,,,,,,,,,,,,,,,,,,,,33917,,,,,68481
626992510,,,,,,,,,,,,,,,,,,,,18398,,,,,40289
627019110,,,,,,,,,,,,,,,,,,,82681,37777,,,,,74972
627024210,,,,,,,,,,,,,,,,,,,57266,16698,,,,,28370
627037210,,,,,,,,,,,,,,,,,,,86196,43263,,,,,52092
627061210,,,,,,,,,,,,,,,,,,,,,,,,,80654
627124510,,,,,,,,,,,,,,,,,,,2709,311,,3178,,,755
627124610,,,,,,,,,,,,,,,,,,,3912,680,,5270,,,1033
627137210,,,,,,,,,,,,,,,,,,,8203,2283,,12715,,,3203
627219110,,,,,,,,,,,,,,,,,,,87099,33272,,,,,55410
627221910,,,,,,,,,,,,,,,,,,,73243,20109,,,,,46401
627224510,,,,,,,,,,,,,,,,,,,16397,4145,,18121,,,5532
627224610,,,,,,,,,,,,,,,,,,,19129,5582,,26293,,,7307
627237210,,,,,,,,,,,,,,,,,,,61184,11199,,75378,,,15433
627246610,,,,,,,,,,,,,,,,,,,,,,,,,98307
627261210,,,,,,,,,,,,,,,,,,,,33478,,,,,47091
627299510,,,,,,,,,,,,,,,,,,,43955,8744,,59856,,,12750
618424510,,,,,,,,,,,,,,,,,,,59488,19234,,,,,38849
618424610,,,,,,,,,,,,,,,,,,,,31717,,,,,43268
618429310,,,,,,,,,,,,,,,,,,,25029,,,,,,97909
618437210,,,,,,,,,,,,,,,,,,,,43521,,,,,63163
618461210,,,,,,,,,,,,,,,,,,,,,,,,,73140
618524510,,,,,,,,,,,,,,,,,,,47952,19664,,54164,,,33181
618524610,,,,,,,,,,,,,,,,,,,99164,19865,,,,,32790
618529310,,,,,,,,,,,,,,,,,,,,,,,,,95035
618537210,,,,,,,,,,,,,,,,,,,,,,,,,60120
618724510,,,,,,,,,,,,,,,,,,,52871,17445,,59310,,,24074
618724610,,,,,,,,,,,,,,,,,,,54174,19093,,,,,26308
618737210,,,,,,,,,,,,,,,,,,,,,,,,,54528
620319110,,,,,,,,,,,,,,,,,,,,,,,,,81970
620324510,,,,,,,,,,,,,,,,,,,48307,15734,,53573,,,23893
620361210,,,,,,,,,,,,,,,,,,,,,,,,,98349
620362410,,,,,,,,,,,,,,,,,,,80304,44840,,,,,70130
620399510,,,,,,,,,,,,,,,,,,,47518,20776,,,,,32902
620624510,,,,,,,,,,,,,,,,,,,53520,19866,,55614,,,27358
620624610,,,,,,,,,,,,,,,,,,,70451,21326,,88724,,,28761
620637210,,,,,,,,,,,,,,,,,,,,,,,,,48348
620661210,,,,,,,,,,,,,,,,,,,,,,,,,91478
620719110,,,,,,,,,,,,,,,,,,,,45142,,,,,85310
620724510,,,,,,,,,,,,,,,,,,,21906,5020,,26729,,,9065
620724610,,,,,,,,,,,,,,,,,,,19225,6145,,,,,9823
620729310,,,,,,,,,,,,,,,,,,,,23948,,,,,32464
620737210,,,,,,,,,,,,,,,,,,,76741,13712,,,,,21680
620746610,,,,,,,,,,,,,,,,,,,,,,,,,44319
620761210,,,,,,,,,,,,,,,,,,,90230,48011,,,,,78517
616019110,,,,,,,,,,,,,,,,,,,,,,,,,99409
616024510,,,,,,,,,,,,,,,,,,,40156,13812,,,,,16658
616037210,,,,,,,,,,,,,,,,,,,98910,32919,,,,,47460
616061210,,,,,,,,,,,,,,,,,,,,,,,,,93788
617519110,13894,32323,37068,22194,18956,14673,15998,16467,,15387,45392,37006,,,,,20754,,40851,8561,,100354,,,15162
617524510,2405,9162,32393,7626,5619,2918,3091,2831,,3036,11852,64373,15095,6138,7757,,4171,51645,9546,1862,,,,,
617524610,3092,11083,35598,7895,5793,4538,3351,3359,,4178,14144,85860,17279,8687,8869,,4969,54070,11974,2440,,13419,,,3046
617527110,8843,21669,,9882,12159,14703,10499,9860,,13347,27284,,,,,,16574,,10605,6183,,72431,,,9170
617537210,7234,17949,96163,24416,12648,8230,8451,8947,,9003,27923,68130,39028,24447,10083,,10428,,24195,6371,,30169,,,7914
617561210,13283,34205,96890,74582,39220,21995,14850,17142,,25160,59196,,95339,41024,58540,,42302,51406,47557,10565,,,,,20079
617591110,4026,12075,45411,23022,5874,8244,5503,4335,,5010,13972,67516,,,,,6990,,7141,2498,,15258,,,4037
617708210,,,,,,,,,,,,,,,,,,,75110,14047,,,,,51595
617719110,,,,,,,,,,,,,,,,,,,,44380,,,,,83879
617724510,,,,,,,,,,,,,,,,,,,22115,7560,,27944,,,10721
617724610,,,,,,,,,,,,,,,,,,,26172,8920,,35002,,,13321
617737210,,,,,,,,,,,,,,,,,,,85227,18843,,,,,28371
617750710,,,,,,,,,,,,,,,,,,,,30972,,,,,61766
617760610,,,,,,,,,,,,,,,,,,,,,,,,,93982
617761210,,,,,,,,,,,,,,,,,,,65828,53251,,,,,99340
617824510,,,,,,,,,,,,,,,,,,,31238,12217,,39449,,,15252
617824610,,,,,,,,,,,,,,,,,,,34931,13072,,41205,,,16882
617837210,,,,,,,,,,,,,,,,,,,91435,27714,,,,,45424
617861210,,,,,,,,,,,,,,,,,,,,,,,,,93615
617919110,,,,,,,,,,,,,,,,,,,,,,,,,97466
617924510,,,,,,,,,,,,,,,,,,,37320,12492,,38830,,,23255
617961210,,,,,,,,,,,,,,,,,,,,,,,,,73618
618219110,,,,,,,,,,,,,,,,,,,,,,,,,94084
618224510,,,,,,,,,,,,,,,,,,,49355,16536,,,,,21394
618224610,,,,,,,,,,,,,,,,,,,56228,18002,,,,,25459
618237210,,,,,,,,,,,,,,,,,,,83557,,,,,,56014
618261210,,,,,,,,,,,,,,,,,,,,,,,,,69716
618324510,,,,,,,,,99609,,,,,,,,,,,,,,,,
618337210,,,,,,,,,69819,,,,,,,,,,,,,,,,
618419110,,,,,,,,,,,,,,,,,,,,,,,,,94013
679761210,,,,,,,,,,,,,,,,,,,,,,,,,88991
680219110,,,,,,,,,,,,,,,,,,,,34240,,,,,80575
680224510,,,,,,,,,,,,,,,,,,,27161,6540,,34263,,,10182
680237210,,,,,,,,,,,,,,,,,,,34735,13815,,,,,21535
680250710,,,,,,,,,,,,,,,,,,,70977,22172,,,,,49270
680261210,,,,,,,,,,,,,,,,,,,,44524,,,,,81990
680299510,,,,,,,,,,,,,,,,,,,64168,11525,,,,,17982
680319110,,,,,,,,,,,,,,,,,,,,,,,,,86211
680324210,,,,,,,,,,,,,,,,,,,,26883,,,,,40710
680329310,,,,,,,,,,,,,,,,,,,,,,,,,78415
680337210,,,,,,,,,,,,,,,,,,,,,,,,,56244
680361210,,,,,,,,,,,,,,,,,,,,80930,,,,,89313
680824510,,,,,,,,,,,,,,,,,,,,30648,,,,,39172
680837210,,,,,,,,,,,,,,,,,,,,,,,,,67098
680861210,,,,,,,,,,,,,,,,,,,,,,,,,91617
681524510,,,,,,,,,,,,,,,,,,,82422,,,,,,48173
682219110,,,,,,,,,,,,,,,,,,,79887,44247,,,,,51807
682224510,,,,,,,,,,,,,,,,,,,12527,4726,,22263,,,6625
682237210,,,,,,,,,,,,,,,,,,,29229,9672,,,,,13954
682261210,,,,,,,,,,,,,,,,,,,57577,27435,,,,,30973
683424510,,,,,,,,,,,,,,,,,,,82909,25468,,96879,,,34905
683426310,,,,,,,,,,,,,,,,,,,77454,26202,,,,,38926
683919110,,,,,,,,,,,,,,,,,,,,,,,,,82466
683924210,,,,,,,,,,,,,,,,,,,77041,30725,,,,,39313
683929310,,,,,,,,,,,,,,,,,,,,,,,,,72584
683991210,,,,,,,,,,,,,,,,,,,,37860,,,,,54620
687819110,,,,,,,,,,,,,,,,,,,,,,,,,25007
687829310,,,,,,,,,,,,,,,,,,,,,,,,,100032
690119110,,,,,,,,,,,,,,,,,,,,,,,,,58490
690124210,,,,,,,,,,,,,,,,,,,,,,,,,56113
690137210,,,,,,,,,,,,,,,,,,,,,,,,,92671
678024210,,,,,,,,,,,,,,,,,,,72763,33165,,,,,43741
678029310,,,,,,,,,,,,,,,,,,,,,,,,,63325
678119110,,,,,,,,,,,,,,,,,,,,,,,,,93493
678124210,,,,,,,,,,,,,,,,,,,,,,,,,53528
678137210,,,,,,,,,,,,,,,,,,,,,,,,,98923
678224210,,,,,,,,,,,,,,,,,,,,,,,,,80978
678624510,,,,,,,,,,,,,,,,,,,36595,18862,,,,,28577
678637210,,,,,,,,,,,,,,,,,,,97286,,,,,,57128
678660210,,,,,,,,,,,,,,,,,,,,,,,,,96856
678661210,,,,,,,,,,,,,,,,,,,,,,,,,59912
679419110,,,,,,,,,,,,,,,,,,,,,,,,,86630
679424510,,,,,,,,,,,,,,,,,,,93488,24018,,,,,33937
679424610,,,,,,,,,,,,,,,,,,,,33929,,,,,39975
679437210,,,,,,,,,,,,,,,,,,,,,,,,,56601
679461210,,,,,,,,,,,,,,,,,,,,,,,,,100609
679499510,,,,,,,,,,,,,,,,,,,,37093,,,,,46353
679519110,,,,,,,,,,,,,,,,,,,,,,,,,95703
679524510,,,,,,,,,,,,,,,,,,,,,,,,,67845
679529310,,,,,,,,,,,,,,,,,,,,,,,,,97087
679619110,,,,,,,,,,,,,,,,,,,,,,,,,97094
679624510,,,,,,,,,,,,,,,,,,,19030,5871,,,,,10406
679637210,,,,,,,,,,,,,,,,,,,77562,,,,,,31675
679661210,,,,,,,,,,,,,,,,,,,,,,,,,75650
679719110,,,,,,,,,,,,,,,,,,,,,,,,,99972
679724210,,,,,,,,,,,,,,,,,,,68698,27057,,92085,,,41291
679729310,,,,,,,,,,,,,,,,,,,,,,,,,69429
679737210,,,,,,,,,,,,,,,,,,,,55442,,,,,62105
690161210,,,,,,,,,,,,,,,,,,,,,,,,,94805
693824250F,,,,,,,,,,,,,,,,,,,,,,,,,86929
693837250F,,,,,,,,,,,,,,,,,,,,,,,,,84126
693892550F,,,,,,,,,,,,,,,,,,,,,,,,,77392
628961210,22453,43039,,100065,27632,38417,23874,31978,,46716,89304,,73343,36887,94716,,61707,,85146,16121,,,,,26982
628999510,6867,18806,88385,19531,12212,8727,11046,8341,,8263,26959,71042,21631,15571,26092,,10103,,19168,5061,,31604,,39176,7318
629324210,,,,,,,,,,,,,,,,,,,,39798,,,,,56045
629329310,,,,,,,,,,,,,,,,,,,,,,,,,88957
629337210,,,,,,,,,,,,,,,,,,,,66341,,,,,57889
629361210,,,,,,,,,,,,,,,,,,,,,,,,,47208
629819110,,,,,,,,,,,,,,,,,,,,46158,,,,,91454
629821910,,,,,,,,,,,,,,,,,,,,40410,,,,,64310
629824510,,,,,,,,,,,,,,,,,,,50155,18447,,,,,25686
629824610,,,,,,,,,,,,,,,,,,,67118,26757,,98038,,,29895
629829310,,,,,,,,,,,,,,,,,,,67270,54575,,,,,73804
629837210,,,,,,,,,,,,,,,,,,,,34467,,,,,51429
629861210,,,,,,,,,,,,,,,,,,,,,,,,,99697
629899510,,,,,,,,,,,,,,,,,,,77128,22153,,,,,32891
630319110,,,,,,,,,,,,,,,,,,,,,,,,,85208
630324210,,,,,,,,,,,,,,,,,,,,23807,,,,,37110
630337210,,,,,,,,,,,,,,,,,,,,,,,,,71134
630361210,,,,,,,,,,,,,,,,,,,,,,,,,60699
630424210,,,,,,,,,,,,,,,,,,,,44904,,,,,48371
630437210,,,,,,,,,,,,,,,,,,,,,,,,,90144
630461210,,,,,,,,,,,,,,,,,,,,,,,,,48707
630524210,,,,,,,,,,,,,,,,,,,,,,,,,66627
630524610,,,,,,,,,,,,,,,,,,,,,,,,,51460
630719110,,,,,,,,,,,,,,,,,,,,,,,,,92635
630724510,,,,,,,,,,,,,,,,,,,45582,17144,,,,,28747
630724610,,,,,,,,,,,,,,,,,,,64981,25853,,,,,32203
630737210,,,,,,,,,,,,,,,,,,,71338,,,,,,63787
630760210,,,,,,,,,,,,,,,,,,,,,,,,,88212
630761210,,,,,,,,,,,,,,,,,,,,,,,,,98938
630824510,,,,,,,,,,,,,,,,,,,,38040,,,,,56339
675892110,,,,,,,,,,,,,,,,,,,,63991,,,,,90161
675899510,,,,,,,,,,,,,,,,,,,,52143,,,,,74039
675919110,,,,,,,,,,,,,,,,,,,,,,,,,66670
675924510,,,,,,,,,,,,,,,,,,,98794,34411,,,,,39962
675929310,,,,,,,,,,,,,,,,,,,,,,,,,85615
675999510,,,,,,,,,,,,,,,,,,,,,,,,,75701
676219110,,,,,,,,,,,,,,,,,,,,,,,,,88042
676224210,,,,,,,,,,,,,,,,,,,,40015,,,,,50724
676229310,,,,,,,,,,,,,,,,,,,,,,,,,78463
676237210,,,,,,,,,,,,,,,,,,,,,,,,,75892
676261210,,,,,,,,,,,,,,,,,,,,,,,,,95617
676624510,,,,,,,,,,,,,,,,,,,,,,,,,46416
676637210,,,,,,,,,,,,,,,,,,,,,,,,,72742
676661210,,,,,,,,,,,,,,,,,,,,,,,,,47110
676724510,,,,,,,,,,,,,,,,,,,,49488,,,,,58770
676799510,,,,,,,,,,,,,,,,,,,,70376,,,,,84804
676824510,,,,,,,,,,,,,,,,,,,45267,,,,,,54210
676919110,,,,,,,,,,,,,,,,,,,,,,,,,96050
676924510,,,,,,,,,,,,,,,,,,,62341,18650,,64976,,,27315
676924610,,,,,,,,,,,,,,,,,,,,25695,,,,,29945
676937210,,,,,,,,,,,,,,,,,,,,40426,,,,,64223
677024510,,,,,,,,,,,,,,,,,,,69379,22902,,,,,37720
677024610,,,,,,,,,,,,,,,,,,,,25305,,,,,41872
677224510,,,,,,,,,,,,,,,,,,,57683,17793,,64048,,,24326
677224610,,,,,,,,,,,,,,,,,,,87644,18132,,,,,28122
677229310,,,,,,,,,,,,,,,,,,,,,,,,,88653
677237210,,,,,,,,,,,,,,,,,,,,32818,,,,,52883
678019110,,,,,,,,,,,,,,,,,,,,,,,,,93226
632419110,,,,,,,,,,,,,,,,,,,,,,,,,53088
632424510,,,,,,,,,,,,,,,,,,,,35731,,,,,48618
632437210,,,,,,,,,,,,,,,,,,,,,,,,,92268
632461210,,,,,,,,,,,,,,,,,,,,,,,,,76574
632524510,,,,,,,,,77314,,,,,,,,,,,33383,,,,,
632592110,,,,,,,,,100131,,,,,,,,,,,50070,,,,,
632619110,,,,,,,,,,,,,,,,,,,,,,,,,91737
632624210,,,,,,,,,,,,,,,,,,,99151,37057,,,,,72789
632637210,,,,,,,,,,,,,,,,,,,,,,,,,94562
632661210,,,,,,,,,,,,,,,,,,,,,,,,,100248
641924210,,,,,,,,,,,,,,,,,,,93977,28155,,,,,38704
641937010,,,,,,,,,,,,,,,,,,,,,,,,,85362
641961210,,,,,,,,,,,,,,,,,,,,,,,,,82889
641991310,,,,,,,,,,,,,,,,,,,25147,29619,,,,,46474
646619110,,,,,,,,,,,,,,,,,,,,,,,,,100491
646624210,,,,,,,,,,,,,,,,,,,,,,,,,57341
646629310,,,,,,,,,,,,,,,,,,,,,,,,,99726
646661210,,,,,,,,,,,,,,,,,,,,,,,,,68469
654519110,,,,,,,,,,,,,,,,,,,,,,,,,81312
654524210,,,,,,,,,,,,,,,,,,,,42617,,,,,50281
654529310,,,,,,,,,,,,,,,,,,,,79142,,,,,89638
654537210,,,,,,,,,,,,,,,,,,,,57500,,,,,78301
654561210,,,,,,,,,,,,,,,,,,,,,,,,,88108
660919110,,,,,,,,,,,,,,,,,,,,,,,,,94411
660924510,,,,,,,,,,,,,,,,,,,,28251,,,,,48827
660926310,,,,,,,,,,,,,,,,,,,,50530,,,,,60275
660937210,,,,,,,,,,,,,,,,,,,,,,,,,79659
660961210,,,,,,,,,,,,,,,,,,,,,,,,,99584
662224510,,,,,,,,,98060,,,,,,,,,,,24780,,,,,
664429310,,,,,,,,,,,,,,,,,,,,,,,,,90350
664437210,,,,,,,,,,,,,,,,,,,,,,,,,94946
664461210,,,,,,,,,,,,,,,,,,,,,,,,,79893
664919110,,,,,,,,,,,,,,,,,,,,,,,,,91205
664924510,,,,,,,,,,,,,,,,,,,55759,15889,,,,,26011
664929310,,,,,,,,,,,,,,,,,,,,,,,,,85822
664937210,,,,,,,,,,,,,,,,,,,,40400,,,,,49683
664961210,,,,,,,,,,,,,,,,,,,,,,,,,100224
673219110,,,,,,,,,,,,,,,,,,,,,,,,,95212
673224510,,,,,,,,,,,,,,,,,,,48366,13850,,62707,,,24196
673237210,,,,,,,,,,,,,,,,,,,75418,31385,,,,,49213
673261210,,,,,,,,,,,,,,,,,,,,,,,,,98896
673299510,,,,,,,,,,,,,,,,,,,33988,24870,,,,,38714
675424510,,,,,,,,,,,,,,,,,,,16959,4220,,18943,,,6654
675424610,,,,,,,,,,,,,,,,,,,21048,6436,,32056,,,9304
675437210,,,,,,,,,,,,,,,,,,,21097,12725,,,,,17621
675519110,,,,,,,,,,,,,,,,,,,,,,,,,97417
675524510,,,,,,,,,,,,,,,,,,,28588,13418,,,,,19015
675537210,,,,,,,,,,,,,,,,,,,,34373,,,,,41398
675561210,,,,,,,,,,,,,,,,,,,,,,,,,99103
675619110,,,,,,,,,,,,,,,,,,,,,,,,,52667
675624210,,,,,,,,,,,,,,,,,,,,,,,,,62346
675626310,,,,,,,,,,,,,,,,,,,,77718,,,,,97165
675719110,,,,,,,,,,,,,,,,,,,,,,,,,81831
675724210,,,,,,,,,,,,,,,,,,,,37427,,,,,43299
675729310,,,,,,,,,,,,,,,,,,,,,,,,,86996
675737210,,,,,,,,,,,,,,,,,,,,,,,,,69008
675761210,,,,,,,,,,,,,,,,,,,,,,,,,97020
675824510,,,,,,,,,,,,,,,,,,,,,,,,,57442
675837210,,,,,,,,,,,,,,,,,,,,,,,,,69713
675861210,,,,,,,,,,,,,,,,,,,,,,,,,62524
662292110,,,,,,,,,69936,,,,,,,,,,,34126,,,,,
662299510,,,,,,,,,44374,,,,,,,,,,,28087,,,,,
662524510,,,,,,,,,,,,,,,,,,,,,,,,,40356
662824510,,,,,,,,,,,,,,,,,,,,,,,,,44899
662829310,,,,,,,,,,,,,,,,,,,,,,,,,100413
662837210,,,,,,,,,,,,,,,,,,,,,,,,,87711
663219110,,,,,,,,,,,,,,,,,,,,,,,,,98650
663224510,,,,,,,,,,,,,,,,,,,81855,34713,,,,,51039
663229310,,,,,,,,,,,,,,,,,,,,54714,,,,,83998
663237210,,,,,,,,,,,,,,,,,,,,,,,,,72535
663261210,,,,,,,,,,,,,,,,,,,,,,,,,97681
663292110,,,,,,,,,,,,,,,,,,,,53051,,,,,67570
663419110,,,,,,,,,,,,,,,,,,,,,,,,,98237
663424510,,,,,,,,,,,,,,,,,,,86990,23526,,,,,32010
663424610,,,,,,,,,,,,,,,,,,,81352,32348,,,,,40701
663437210,,,,,,,,,,,,,,,,,,,,,,,,,67339
663461210,,,,,,,,,,,,,,,,,,,,,,,,,96968
663524510,,,,,,,,,,,,,,,,,,,,29871,,,,,53216
663537210,,,,,,,,,,,,,,,,,,,,46040,,,,,89793
663561210,,,,,,,,,,,,,,,,,,,,,,,,,54761
664019110,,,,,,,,,,,,,,,,,,,,,,,,,80473
664024210,,,,,,,,,,,,,,,,,,,,19948,,,,,37188
664029310,,,,,,,,,,,,,,,,,,,,,,,,,76876
664037210,,,,,,,,,,,,,,,,,,,,,,,,,53153
664061210,,,,,,,,,,,,,,,,,,,,,,,,,86710
664319110,,,,,,,,,,,,,,,,,,,,,,,,,85902
664324210,,,,,,,,,,,,,,,,,,,83159,11529,,,,,22715
664329310,,,,,,,,,,,,,,,,,,,,,,,,,64184
664337210,,,,,,,,,,,,,,,,,,,,22765,,,,,47633
664361210,,,,,,,,,,,,,,,,,,,,,,,,,71147
664424510,,,,,,,,,,,,,,,,,,,,35390,,,,,54972
630837210,,,,,,,,,,,,,,,,,,,,,,,,,91972
631024510,,,,,,,,,,,,,,,,,,,53555,14130,,,,,22326
631024610,,,,,,,,,,,,,,,,,,,67005,18406,,,,,24446
631037210,,,,,,,,,,,,,,,,,,,,29812,,,,,42350
631061210,,,,,,,,,,,,,,,,,,,,,,,,,98633
631124510,,,,,,,,,,,,,,,,,,,52958,17677,,67430,,,26675
631124610,,,,,,,,,,,,,,,,,,,52516,23570,,,,,28759
631129310,,,,,,,,,,,,,,,,,,,,58312,,,,,90476
631137210,,,,,,,,,,,,,,,,,,,,36372,,,,,53480
631161210,,,,,,,,,,,,,,,,,,,,,,,,,74707
631324510,,,,,,,,,,,,,,,,,,,,,,,,,36313
631356710,,,,,,,,,,,,,,,,,,,,91235,,,,,61978
631361210,,,,,,,,,,,,,,,,,,,,,,,,,100408
631519110,,,,,,,,,,,,,,,,,,,,,,,,,94297
631524210,,,,,,,,,,,,,,,,,,,,20317,,,,,45942
631529310,,,,,,,,,,,,,,,,,,,,,,,,,77293
631561210,,,,,,,,,,,,,,,,,,,,,,,,,99725
631719110,99564,,,,,,,,,99114,,,,,,,,,,,,,,,100423
631724210,33923,59617,,92860,50624,43798,,53315,,33655,70618,,53038,63440,38579,,58690,,85446,11871,,,,,27872
631729310,79689,98833,,,95003,84695,,80880,,85602,,,,,91135,,,,,35185,,,,,74535
631761210,83576,100200,,,88407,92691,,92313,,99749,,,,,,,,,,,,,,,89516
631762410,86607,,,,,86662,,99806,,91599,,,,,,,,,,40795,,,,,77653
631784410,63443,98360,,98162,88687,77558,,99539,,61061,80356,,68914,,87750,,79956,,,22302,,,,,51575
631791610,86067,98042,,,,,,,,80503,,,,,96523,,,92417,,39330,,,,,71184
631799510,48459,68588,,,77675,68039,,73742,,43929,43457,,,,,,95863,,62644,22023,,,,,43703
631824210,,,,,,,,,,,,,,,,,,,,,,,,,92681
631919110,,,,,,,,,,,,,,,,,,,,,,,,,97650
631924510,,,,,,,,,,,,,,,,,,,,29764,,,,,44497
631929310,,,,,,,,,,,,,,,,,,,,,,,,,95073
631937210,,,,,,,,,,,,,,,,,,,,,,,,,74687
631961210,,,,,,,,,,,,,,,,,,,,,,,,,96106
632024510,,,,,,,,,,,,,,,,,,,80676,30308,,,,,44620
632037210,,,,,,,,,,,,,,,,,,,84210,,,,,,76190
632061210,,,,,,,,,,,,,,,,,,,,,,,,,83427
632124210,,,,,,,,,,,,,,,,,,,,,,,,,89316
632224510,,,,,,,,,,,,,,,,,,,,,,,,,59845
